created_at,entry_id,field2,ewma
2024-11-03 04:00:00+00:00,1.5,0.0,0.0
2024-11-03 04:10:00+00:00,4.5,0.0,0.0
2024-11-03 04:20:00+00:00,9.0,0.0,0.0
2024-11-03 04:30:00+00:00,13.5,0.0,0.0
2024-11-03 04:40:00+00:00,17.5,0.0,0.0
2024-11-03 04:50:00+00:00,22.0,0.0,0.0
2024-11-03 05:00:00+00:00,26.5,0.0,0.0
2024-11-03 05:10:00+00:00,31.0,0.0,0.0
2024-11-03 05:20:00+00:00,35.5,0.0,0.0
2024-11-03 05:30:00+00:00,40.0,0.0,0.0
2024-11-03 05:40:00+00:00,45.0,0.0,0.0
2024-11-03 05:50:00+00:00,50.6,0.0,0.0
2024-11-03 06:00:00+00:00,55.5,0.0,0.0
2024-11-03 06:10:00+00:00,60.0,0.0,0.0
2024-11-03 06:20:00+00:00,64.5,0.0,0.0
2024-11-03 06:30:00+00:00,69.0,0.0,0.0
2024-11-03 06:40:00+00:00,73.5,0.0,0.0
2024-11-03 06:50:00+00:00,78.0,0.0,0.0
2024-11-03 07:00:00+00:00,84.0,0.0,0.0
2024-11-03 07:10:00+00:00,90.0,0.0,0.0
2024-11-03 07:20:00+00:00,96.0,0.0,0.0
2024-11-03 07:30:00+00:00,100.5,0.0,0.0
2024-11-03 07:40:00+00:00,105.0,0.0,0.0
2024-11-03 07:50:00+00:00,109.5,0.0,0.0
2024-11-03 08:00:00+00:00,114.0,0.0,0.0
2024-11-03 08:10:00+00:00,118.5,0.0,0.0
2024-11-03 08:20:00+00:00,123.0,0.0,0.0
2024-11-03 08:30:00+00:00,127.5,0.0,0.0
2024-11-03 08:40:00+00:00,132.0,0.0,0.0
2024-11-03 08:50:00+00:00,136.5,0.0,0.0
2024-11-03 09:00:00+00:00,141.0,0.0,0.0
2024-11-03 09:10:00+00:00,145.5,0.0,0.0
2024-11-03 09:20:00+00:00,149.5,0.0,0.0
2024-11-03 09:30:00+00:00,154.6,0.0,0.0
2024-11-03 09:40:00+00:00,161.4,0.0,0.0
2024-11-03 09:50:00+00:00,168.8,0.0,0.0
2024-11-03 10:00:00+00:00,174.75,0.0,0.0
2024-11-03 10:10:00+00:00,180.5,0.0,0.0
2024-11-03 10:20:00+00:00,186.5,0.0,0.0
2024-11-03 10:30:00+00:00,191.0,0.0,0.0
2024-11-03 10:40:00+00:00,195.5,0.0,0.0
2024-11-03 10:50:00+00:00,199.5,0.0,0.0
2024-11-03 11:00:00+00:00,204.0,0.0,0.0
2024-11-03 11:10:00+00:00,208.5,0.0,0.0
2024-11-03 11:20:00+00:00,213.0,0.0,0.0
2024-11-03 11:30:00+00:00,217.5,0.0,0.0
2024-11-03 11:40:00+00:00,222.0,0.0,0.0
2024-11-03 11:50:00+00:00,226.5,0.0,0.0
2024-11-03 12:00:00+00:00,230.5,0.0,0.0
2024-11-03 12:10:00+00:00,234.5,0.0,0.0
2024-11-03 12:20:00+00:00,239.5,0.0,0.0
2024-11-03 12:30:00+00:00,244.5,0.0,0.0
2024-11-03 12:40:00+00:00,249.0,0.0,0.0
2024-11-03 12:50:00+00:00,253.5,0.0,0.0
2024-11-03 13:00:00+00:00,257.75,0.0,0.0
2024-11-03 13:10:00+00:00,263.5,0.0,0.0
2024-11-03 13:20:00+00:00,268.25,0.0,0.0
2024-11-03 13:30:00+00:00,275.4,0.0,0.0
2024-11-03 13:40:00+00:00,281.33,0.0,0.0
2024-11-03 13:50:00+00:00,287.2,0.0,0.0
2024-11-03 14:00:00+00:00,294.5,0.0,0.0
2024-11-03 14:10:00+00:00,301.75,0.0,0.0
2024-11-03 14:20:00+00:00,308.2,0.0,0.0
2024-11-03 14:30:00+00:00,315.4,0.0,0.0
2024-11-03 14:40:00+00:00,323.5,0.0,0.0
2024-11-03 14:50:00+00:00,331.6,0.0,0.0
2024-11-03 15:00:00+00:00,339.0,0.0,0.0
2024-11-03 15:10:00+00:00,346.0,0.0,0.0
2024-11-03 15:20:00+00:00,352.0,0.0,0.0
2024-11-03 15:30:00+00:00,359.6,0.0,0.0
2024-11-03 15:40:00+00:00,367.0,0.0,0.0
2024-11-03 15:50:00+00:00,373.6,0.0,0.0
2024-11-03 16:00:00+00:00,380.33,0.0,0.0
2024-11-03 16:10:00+00:00,386.75,0.0,0.0
2024-11-03 16:20:00+00:00,394.4,0.0,0.0
2024-11-03 16:30:00+00:00,402.8,0.0,0.0
2024-11-03 16:40:00+00:00,413.17,0.0,0.0
2024-11-03 16:50:00+00:00,422.5,0.0,0.0
2024-11-03 17:00:00+00:00,430.8,0.0,0.0
2024-11-03 17:10:00+00:00,439.6,0.0,0.0
2024-11-03 17:20:00+00:00,446.2,0.0,0.0
2024-11-03 17:30:00+00:00,453.67,0.0,0.0
2024-11-03 17:40:00+00:00,460.0,0.0,0.0
2024-11-03 17:50:00+00:00,469.0,0.0,0.0
2024-11-03 18:00:00+00:00,477.0,0.0,0.0
2024-11-03 18:10:00+00:00,483.5,0.0,0.0
2024-11-03 18:20:00+00:00,488.33,0.0,0.0
2024-11-03 18:30:00+00:00,496.5,0.0,0.0
2024-11-03 18:40:00+00:00,502.0,0.0,0.0
2024-11-03 18:50:00+00:00,507.0,0.0,0.0
2024-11-03 19:00:00+00:00,511.5,0.0,0.0
2024-11-03 19:10:00+00:00,516.0,0.0,0.0
2024-11-03 19:20:00+00:00,520.5,0.0,0.0
2024-11-03 19:30:00+00:00,526.0,0.0,0.0
2024-11-03 19:40:00+00:00,530.5,0.0,0.0
2024-11-03 19:50:00+00:00,535.0,0.0,0.0
2024-11-03 20:00:00+00:00,539.5,0.0,0.0
2024-11-03 20:10:00+00:00,544.0,0.0,0.0
2024-11-03 20:20:00+00:00,548.5,0.0,0.0
2024-11-03 20:30:00+00:00,553.0,0.0,0.0
2024-11-03 20:40:00+00:00,557.5,0.0,0.0
2024-11-03 20:50:00+00:00,562.0,0.0,0.0
2024-11-03 21:00:00+00:00,566.5,0.0,0.0
2024-11-03 21:10:00+00:00,570.5,0.0,0.0
2024-11-03 21:20:00+00:00,575.0,0.0,0.0
2024-11-03 21:30:00+00:00,579.5,0.0,0.0
2024-11-03 21:40:00+00:00,584.0,0.0,0.0
2024-11-03 21:50:00+00:00,588.5,0.0,0.0
2024-11-03 22:00:00+00:00,593.8,0.0,0.0
2024-11-03 22:10:00+00:00,601.0,0.0,0.0
2024-11-03 22:20:00+00:00,607.2,0.0,0.0
2024-11-03 22:30:00+00:00,614.0,0.0,0.0
2024-11-03 22:40:00+00:00,619.0,0.0,0.0
2024-11-03 22:50:00+00:00,624.0,0.0,0.0
2024-11-03 23:00:00+00:00,629.5,0.0,0.0
2024-11-03 23:10:00+00:00,634.5,0.0,0.0
2024-11-03 23:20:00+00:00,639.0,0.0,0.0
2024-11-03 23:30:00+00:00,643.5,0.0,0.0
2024-11-03 23:40:00+00:00,648.0,0.0,0.0
2024-11-03 23:50:00+00:00,652.5,0.0,0.0
2024-11-04 00:00:00+00:00,657.0,0.0,0.0
2024-11-04 00:10:00+00:00,661.5,0.0,0.0
2024-11-04 00:20:00+00:00,665.5,0.0,0.0
2024-11-04 00:30:00+00:00,670.0,0.0,0.0
2024-11-04 00:40:00+00:00,674.5,0.0,0.0
2024-11-04 00:50:00+00:00,679.0,0.0,0.0
2024-11-04 01:00:00+00:00,683.5,0.0,0.0
2024-11-04 01:10:00+00:00,688.0,0.0,0.0
2024-11-04 01:20:00+00:00,692.5,0.0,0.0
2024-11-04 01:30:00+00:00,697.0,0.0,0.0
2024-11-04 01:40:00+00:00,701.5,0.0,0.0
2024-11-04 01:50:00+00:00,706.0,0.0,0.0
2024-11-04 02:00:00+00:00,710.5,0.0,0.0
2024-11-04 02:10:00+00:00,715.0,0.0,0.0
2024-11-04 02:20:00+00:00,719.5,0.0,0.0
2024-11-04 02:30:00+00:00,724.0,0.0,0.0
2024-11-04 02:40:00+00:00,728.5,0.0,0.0
2024-11-04 02:50:00+00:00,733.0,0.0,0.0
2024-11-04 03:00:00+00:00,737.5,0.0,0.0
2024-11-04 03:10:00+00:00,741.5,0.0,0.0
2024-11-04 03:20:00+00:00,746.0,0.0,0.0
2024-11-04 03:30:00+00:00,751.0,0.0,0.0
2024-11-04 03:40:00+00:00,755.5,0.0,0.0
2024-11-04 03:50:00+00:00,760.0,0.0,0.0
2024-11-04 04:00:00+00:00,765.25,0.0,0.0
2024-11-04 04:10:00+00:00,773.6,0.0,0.0
2024-11-04 04:20:00+00:00,779.5,0.0,0.0
2024-11-04 04:30:00+00:00,784.0,0.0,0.0
2024-11-04 04:40:00+00:00,788.5,0.0,0.0
2024-11-04 04:50:00+00:00,792.5,0.0,0.0
2024-11-04 05:00:00+00:00,796.5,0.0,0.0
2024-11-04 05:10:00+00:00,801.0,0.0,0.0
2024-11-04 05:20:00+00:00,805.5,0.0,0.0
2024-11-04 05:30:00+00:00,810.0,0.0,0.0
2024-11-04 05:40:00+00:00,814.5,0.0,0.0
2024-11-04 05:50:00+00:00,819.0,0.0,0.0
2024-11-04 06:00:00+00:00,823.5,0.0,0.0
2024-11-04 06:10:00+00:00,828.0,0.0,0.0
2024-11-04 06:20:00+00:00,833.0,0.0,0.0
2024-11-04 06:30:00+00:00,837.5,0.0,0.0
2024-11-04 06:40:00+00:00,842.0,0.0,0.0
2024-11-04 06:50:00+00:00,846.5,0.0,0.0
2024-11-04 07:00:00+00:00,850.5,0.0,0.0
2024-11-04 07:10:00+00:00,855.0,0.0,0.0
2024-11-04 07:20:00+00:00,859.5,0.0,0.0
2024-11-04 07:30:00+00:00,864.2,0.0,0.0
2024-11-04 07:40:00+00:00,870.25,0.0,0.0
2024-11-04 07:50:00+00:00,875.8,0.0,0.0
2024-11-04 08:00:00+00:00,880.5,0.0,0.0
2024-11-04 08:10:00+00:00,885.0,0.0,0.0
2024-11-04 08:20:00+00:00,890.0,0.0,0.0
2024-11-04 08:30:00+00:00,894.5,0.0,0.0
2024-11-04 08:40:00+00:00,899.0,0.0,0.0
2024-11-04 08:50:00+00:00,904.0,0.0,0.0
2024-11-04 09:00:00+00:00,909.2,0.0,0.0
2024-11-04 09:10:00+00:00,915.25,0.0,0.0
2024-11-04 09:20:00+00:00,920.5,0.0,0.0
2024-11-04 09:30:00+00:00,925.5,0.0,0.0
2024-11-04 09:40:00+00:00,930.5,0.0,0.0
2024-11-04 09:50:00+00:00,936.5,0.0,0.0
2024-11-04 10:00:00+00:00,943.0,0.0,0.0
2024-11-04 10:10:00+00:00,948.5,0.0,0.0
2024-11-04 10:20:00+00:00,955.0,0.0,0.0
2024-11-04 10:30:00+00:00,960.5,0.0,0.0
2024-11-04 10:40:00+00:00,965.0,0.0,0.0
2024-11-04 10:50:00+00:00,969.5,0.0,0.0
2024-11-04 11:00:00+00:00,974.0,0.0,0.0
2024-11-04 11:10:00+00:00,978.5,0.0,0.0
2024-11-04 11:20:00+00:00,982.5,0.0,0.0
2024-11-04 11:30:00+00:00,987.0,0.0,0.0
2024-11-04 11:40:00+00:00,991.5,0.0,0.0
2024-11-04 11:50:00+00:00,996.0,0.0,0.0
2024-11-04 12:00:00+00:00,1000.5,0.0,0.0
2024-11-04 12:10:00+00:00,1005.0,0.0,0.0
2024-11-04 12:20:00+00:00,1009.5,0.0,0.0
2024-11-04 12:30:00+00:00,1014.0,0.0,0.0
2024-11-04 12:40:00+00:00,1018.5,0.0,0.0
2024-11-04 12:50:00+00:00,1023.0,0.0,0.0
2024-11-04 13:00:00+00:00,1027.5,0.0,0.0
2024-11-04 13:10:00+00:00,1032.0,0.0,0.0
2024-11-04 13:20:00+00:00,1036.5,0.0,0.0
2024-11-04 13:30:00+00:00,1041.0,0.0,0.0
2024-11-04 13:40:00+00:00,1045.5,0.0,0.0
2024-11-04 13:50:00+00:00,1050.0,0.0,0.0
2024-11-04 14:00:00+00:00,1054.5,0.0,0.0
2024-11-04 14:10:00+00:00,1059.0,0.0,0.0
2024-11-04 14:20:00+00:00,1063.5,0.0,0.0
2024-11-04 14:30:00+00:00,1067.5,0.0,0.0
2024-11-04 14:40:00+00:00,1072.0,0.0,0.0
2024-11-04 14:50:00+00:00,1078.0,0.0,0.0
2024-11-04 15:00:00+00:00,1084.0,0.0,0.0
2024-11-04 15:10:00+00:00,1090.75,0.0,0.0
2024-11-04 15:20:00+00:00,1097.4,0.0,0.0
2024-11-04 15:30:00+00:00,1103.5,0.0,0.0
2024-11-04 15:40:00+00:00,1110.0,0.0,0.0
2024-11-04 15:50:00+00:00,1115.75,0.0,0.0
2024-11-04 16:00:00+00:00,1122.4,0.0,0.0
2024-11-04 16:10:00+00:00,1129.75,0.0,0.0
2024-11-04 16:20:00+00:00,1136.6,0.0,0.0
2024-11-04 16:30:00+00:00,1144.0,0.0,0.0
2024-11-04 16:40:00+00:00,1151.0,0.0,0.0
2024-11-04 16:50:00+00:00,1158.25,0.0,0.0
2024-11-04 17:00:00+00:00,1165.5,0.0,0.0
2024-11-04 17:10:00+00:00,1171.0,0.0,0.0
2024-11-04 17:20:00+00:00,1176.5,0.0,0.0
2024-11-04 17:30:00+00:00,1182.0,0.0,0.0
2024-11-04 17:40:00+00:00,1188.5,0.0,0.0
2024-11-04 17:50:00+00:00,1193.6,0.0,0.0
2024-11-04 18:00:00+00:00,1200.0,0.0,0.0
2024-11-04 18:10:00+00:00,1207.0,0.0,0.0
2024-11-04 18:20:00+00:00,1214.0,0.0,0.0
2024-11-04 18:30:00+00:00,1221.6,0.0,0.0
2024-11-04 18:40:00+00:00,1228.0,0.0,0.0
2024-11-04 18:50:00+00:00,1234.5,0.0,0.0
2024-11-04 19:00:00+00:00,1239.5,0.0,0.0
2024-11-04 19:10:00+00:00,1245.4,0.0,0.0
2024-11-04 19:20:00+00:00,1255.2,0.0,0.0
2024-11-04 19:30:00+00:00,1262.33,0.0,0.0
2024-11-04 19:40:00+00:00,1269.5,0.0,0.0
2024-11-04 19:50:00+00:00,1277.67,0.0,0.0
2024-11-04 20:00:00+00:00,1284.0,0.0,0.0
2024-11-04 20:10:00+00:00,1288.5,0.0,0.0
2024-11-04 20:20:00+00:00,1294.0,0.0,0.0
2024-11-04 20:30:00+00:00,1298.5,0.0,0.0
2024-11-04 20:40:00+00:00,1303.0,0.0,0.0
2024-11-04 20:50:00+00:00,1307.5,0.0,0.0
2024-11-04 21:00:00+00:00,1312.0,0.0,0.0
2024-11-04 21:10:00+00:00,1316.5,0.0,0.0
2024-11-04 21:20:00+00:00,1321.0,0.0,0.0
2024-11-04 21:30:00+00:00,1325.5,0.0,0.0
2024-11-04 21:40:00+00:00,1330.0,0.0,0.0
2024-11-04 21:50:00+00:00,1334.5,0.0,0.0
2024-11-04 22:00:00+00:00,1339.0,0.0,0.0
2024-11-04 22:10:00+00:00,1343.5,0.0,0.0
2024-11-04 22:20:00+00:00,1348.0,0.0,0.0
2024-11-04 22:30:00+00:00,1352.5,0.0,0.0
2024-11-04 22:40:00+00:00,1357.0,0.0,0.0
2024-11-04 22:50:00+00:00,1361.5,0.0,0.0
2024-11-04 23:00:00+00:00,1365.5,0.0,0.0
2024-11-04 23:10:00+00:00,1370.0,0.0,0.0
2024-11-04 23:20:00+00:00,1374.5,0.0,0.0
2024-11-04 23:30:00+00:00,1379.0,0.0,0.0
2024-11-04 23:40:00+00:00,1383.5,0.0,0.0
2024-11-04 23:50:00+00:00,1388.0,0.0,0.0
2024-11-05 00:00:00+00:00,1392.5,0.0,0.0
2024-11-05 00:10:00+00:00,1397.0,0.0,0.0
2024-11-05 00:20:00+00:00,1402.4,0.0,0.0
2024-11-05 00:30:00+00:00,1408.5,0.0,0.0
2024-11-05 00:40:00+00:00,1416.17,0.0,0.0
2024-11-05 00:50:00+00:00,1422.5,0.0,0.0
2024-11-05 01:00:00+00:00,1429.4,0.0,0.0
2024-11-05 01:10:00+00:00,1434.5,0.0,0.0
2024-11-05 01:20:00+00:00,1439.0,0.0,0.0
2024-11-05 01:30:00+00:00,1443.5,0.0,0.0
2024-11-05 01:40:00+00:00,1448.0,0.0,0.0
2024-11-05 01:50:00+00:00,1453.25,0.0,0.0
2024-11-05 02:00:00+00:00,1457.5,0.0,0.0
2024-11-05 02:10:00+00:00,1462.25,0.0,0.0
2024-11-05 02:20:00+00:00,1467.5,0.0,0.0
2024-11-05 02:30:00+00:00,1472.0,0.0,0.0
2024-11-05 02:40:00+00:00,1476.5,0.0,0.0
2024-11-05 02:50:00+00:00,1481.0,0.0,0.0
2024-11-05 03:00:00+00:00,1485.5,0.0,0.0
2024-11-05 03:10:00+00:00,1490.0,0.0,0.0
2024-11-05 03:20:00+00:00,1494.5,0.0,0.0
2024-11-05 03:30:00+00:00,1499.0,0.0,0.0
2024-11-05 03:40:00+00:00,1503.5,0.0,0.0
2024-11-05 03:50:00+00:00,1508.0,0.0,0.0
2024-11-05 04:00:00+00:00,1512.5,0.0,0.0
2024-11-05 04:10:00+00:00,1517.0,0.0,0.0
2024-11-05 04:20:00+00:00,1521.5,0.0,0.0
2024-11-05 04:30:00+00:00,1525.5,0.0,0.0
2024-11-05 04:40:00+00:00,1529.5,0.0,0.0
2024-11-05 04:50:00+00:00,1533.5,0.0,0.0
2024-11-05 05:00:00+00:00,1538.0,0.0,0.0
2024-11-05 05:10:00+00:00,1542.5,0.0,0.0
2024-11-05 05:20:00+00:00,1547.0,0.0,0.0
2024-11-05 05:30:00+00:00,1551.5,0.0,0.0
2024-11-05 05:40:00+00:00,1555.5,0.0,0.0
2024-11-05 05:50:00+00:00,1560.0,0.0,0.0
2024-11-05 06:00:00+00:00,1564.5,0.0,0.0
2024-11-05 06:10:00+00:00,1569.0,0.0,0.0
2024-11-05 06:20:00+00:00,1573.5,0.0,0.0
2024-11-05 06:30:00+00:00,1577.5,0.0,0.0
2024-11-05 06:40:00+00:00,1582.0,0.0,0.0
2024-11-05 06:50:00+00:00,1586.5,0.0,0.0
2024-11-05 07:00:00+00:00,1590.5,0.0,0.0
2024-11-05 07:10:00+00:00,1595.0,0.0,0.0
2024-11-05 07:20:00+00:00,1599.5,0.0,0.0
2024-11-05 07:30:00+00:00,1604.0,0.0,0.0
2024-11-05 07:40:00+00:00,1608.67,0.0,0.0
2024-11-05 07:50:00+00:00,1613.0,0.0,0.0
2024-11-05 08:00:00+00:00,1618.0,0.0,0.0
2024-11-05 08:10:00+00:00,1623.0,0.0,0.0
2024-11-05 08:20:00+00:00,1627.5,0.0,0.0
2024-11-05 08:30:00+00:00,1631.5,0.0,0.0
2024-11-05 08:40:00+00:00,1637.83,0.0,0.0
2024-11-05 08:50:00+00:00,1644.0,0.0,0.0
2024-11-05 09:00:00+00:00,1649.0,0.0,0.0
2024-11-05 09:10:00+00:00,1653.5,0.0,0.0
2024-11-05 09:20:00+00:00,1658.0,0.0,0.0
2024-11-05 09:30:00+00:00,1662.5,0.0,0.0
2024-11-05 09:40:00+00:00,1667.0,0.0,0.0
2024-11-05 09:50:00+00:00,1671.5,0.0,0.0
2024-11-05 10:00:00+00:00,1676.0,0.0,0.0
2024-11-05 10:10:00+00:00,1680.5,0.0,0.0
2024-11-05 10:20:00+00:00,1685.0,0.0,0.0
2024-11-05 10:30:00+00:00,1689.5,0.0,0.0
2024-11-05 10:40:00+00:00,1694.0,0.0,0.0
2024-11-05 10:50:00+00:00,1698.5,0.0,0.0
2024-11-05 11:00:00+00:00,1703.0,0.0,0.0
2024-11-05 11:10:00+00:00,1708.0,0.0,0.0
2024-11-05 11:20:00+00:00,1714.4,0.0,0.0
2024-11-05 11:30:00+00:00,1721.83,0.0,0.0
2024-11-05 11:40:00+00:00,1728.8,0.0,0.0
2024-11-05 11:50:00+00:00,1734.4,0.0,0.0
2024-11-05 12:00:00+00:00,1741.25,0.0,0.0
2024-11-05 12:10:00+00:00,1746.75,0.0,0.0
2024-11-05 12:20:00+00:00,1754.83,0.0,0.0
2024-11-05 12:30:00+00:00,1762.8,0.0,0.0
2024-11-05 12:40:00+00:00,1769.17,0.0,0.0
2024-11-05 12:50:00+00:00,1774.5,0.0,0.0
2024-11-05 13:00:00+00:00,1778.75,0.0,0.0
2024-11-05 13:10:00+00:00,1784.5,0.0,0.0
2024-11-05 13:20:00+00:00,1789.67,0.0,0.0
2024-11-05 13:30:00+00:00,1796.0,0.0,0.0
2024-11-05 13:40:00+00:00,1802.75,0.0,0.0
2024-11-05 13:50:00+00:00,1809.0,0.0,0.0
2024-11-05 14:00:00+00:00,1815.5,0.0,0.0
2024-11-05 14:10:00+00:00,1820.33,0.0,0.0
2024-11-05 14:20:00+00:00,1826.0,0.0,0.0
2024-11-05 14:30:00+00:00,1833.8,0.0,0.0
2024-11-05 14:40:00+00:00,1840.6,0.0,0.0
2024-11-05 14:50:00+00:00,1849.0,0.0,0.0
2024-11-05 15:00:00+00:00,1856.4,0.0,0.0
2024-11-05 15:10:00+00:00,1863.75,0.0,0.0
2024-11-05 15:20:00+00:00,1872.0,0.0,0.0
2024-11-05 15:30:00+00:00,1880.25,0.0,0.0
2024-11-05 15:40:00+00:00,1887.0,0.0,0.0
2024-11-05 15:50:00+00:00,1894.25,0.0,0.0
2024-11-05 16:00:00+00:00,1902.6,0.0,0.0
2024-11-05 16:10:00+00:00,1912.0,0.0,0.0
2024-11-05 16:20:00+00:00,1919.25,0.0,0.0
2024-11-05 16:30:00+00:00,1927.5,0.0,0.0
2024-11-05 16:40:00+00:00,1935.75,0.0,0.0
2024-11-05 16:50:00+00:00,1941.75,0.0,0.0
2024-11-05 17:00:00+00:00,1946.75,0.0,0.0
2024-11-05 17:10:00+00:00,1953.4,0.0,0.0
2024-11-05 17:20:00+00:00,1961.33,0.0,0.0
2024-11-05 17:30:00+00:00,1970.0,0.0,0.0
2024-11-05 17:40:00+00:00,1976.75,0.0,0.0
2024-11-05 17:50:00+00:00,1983.2,0.0,0.0
2024-11-05 18:00:00+00:00,1991.25,0.0,0.0
2024-11-05 18:10:00+00:00,1998.0,0.0,0.0
2024-11-05 18:20:00+00:00,2004.4,0.0,0.0
2024-11-05 18:30:00+00:00,2010.75,0.0,0.0
2024-11-05 18:40:00+00:00,2017.75,0.0,0.0
2024-11-05 18:50:00+00:00,2022.5,0.0,0.0
2024-11-05 19:00:00+00:00,2027.0,0.0,0.0
2024-11-05 19:10:00+00:00,2031.5,0.0,0.0
2024-11-05 19:20:00+00:00,2036.0,0.0,0.0
2024-11-05 19:30:00+00:00,2040.5,0.0,0.0
2024-11-05 19:40:00+00:00,2045.0,0.0,0.0
2024-11-05 19:50:00+00:00,2049.5,0.0,0.0
2024-11-05 20:00:00+00:00,2054.0,0.0,0.0
2024-11-05 20:10:00+00:00,2058.5,0.0,0.0
2024-11-05 20:20:00+00:00,2063.0,0.0,0.0
2024-11-05 20:30:00+00:00,2067.5,0.0,0.0
2024-11-05 20:40:00+00:00,2072.0,0.0,0.0
2024-11-05 20:50:00+00:00,2076.5,0.0,0.0
2024-11-05 21:00:00+00:00,2080.5,0.0,0.0
2024-11-05 21:10:00+00:00,2085.0,0.0,0.0
2024-11-05 21:20:00+00:00,2089.5,0.0,0.0
2024-11-05 21:30:00+00:00,2094.0,0.0,0.0
2024-11-05 21:40:00+00:00,2098.5,0.0,0.0
2024-11-05 21:50:00+00:00,2103.0,0.0,0.0
2024-11-05 22:00:00+00:00,2107.5,0.0,0.0
2024-11-05 22:10:00+00:00,2112.0,0.0,0.0
2024-11-05 22:20:00+00:00,2116.5,0.0,0.0
2024-11-05 22:30:00+00:00,2120.5,0.0,0.0
2024-11-05 22:40:00+00:00,2124.5,0.0,0.0
2024-11-05 22:50:00+00:00,2129.0,0.0,0.0
2024-11-05 23:00:00+00:00,2133.5,0.0,0.0
2024-11-05 23:10:00+00:00,2138.0,0.0,0.0
2024-11-05 23:20:00+00:00,2142.5,0.0,0.0
2024-11-05 23:30:00+00:00,2147.0,0.0,0.0
2024-11-05 23:40:00+00:00,2151.5,0.0,0.0
2024-11-05 23:50:00+00:00,2155.5,0.0,0.0
2024-11-06 00:00:00+00:00,2160.0,0.0,0.0
2024-11-06 00:10:00+00:00,2164.5,0.0,0.0
2024-11-06 00:20:00+00:00,2169.0,0.0,0.0
2024-11-06 00:30:00+00:00,2173.5,0.0,0.0
2024-11-06 00:40:00+00:00,2177.5,0.0,0.0
2024-11-06 00:50:00+00:00,2181.5,0.0,0.0
2024-11-06 01:00:00+00:00,2186.0,0.0,0.0
2024-11-06 01:10:00+00:00,2190.5,0.0,0.0
2024-11-06 01:20:00+00:00,2195.0,0.0,0.0
2024-11-06 01:30:00+00:00,2199.5,0.0,0.0
2024-11-06 01:40:00+00:00,2204.0,0.0,0.0
2024-11-06 01:50:00+00:00,2208.5,0.0,0.0
2024-11-06 02:00:00+00:00,2213.0,0.0,0.0
2024-11-06 02:10:00+00:00,2217.5,0.0,0.0
2024-11-06 02:20:00+00:00,2222.0,0.0,0.0
2024-11-06 02:30:00+00:00,2226.5,0.0,0.0
2024-11-06 02:40:00+00:00,2231.0,0.0,0.0
2024-11-06 02:50:00+00:00,2235.5,0.0,0.0
2024-11-06 03:00:00+00:00,2239.5,0.0,0.0
2024-11-06 03:10:00+00:00,2244.0,0.0,0.0
2024-11-06 03:20:00+00:00,2248.5,0.0,0.0
2024-11-06 03:30:00+00:00,2253.0,0.0,0.0
2024-11-06 03:40:00+00:00,2257.5,0.0,0.0
2024-11-06 03:50:00+00:00,2262.0,0.0,0.0
2024-11-06 04:00:00+00:00,2266.5,0.0,0.0
2024-11-06 04:10:00+00:00,2271.0,0.0,0.0
2024-11-06 04:20:00+00:00,2275.5,0.0,0.0
2024-11-06 04:30:00+00:00,2280.0,0.0,0.0
2024-11-06 04:40:00+00:00,2284.5,0.0,0.0
2024-11-06 04:50:00+00:00,2289.0,0.0,0.0
2024-11-06 05:00:00+00:00,2293.5,0.0,0.0
2024-11-06 05:10:00+00:00,2298.0,0.0,0.0
2024-11-06 05:20:00+00:00,2302.5,0.0,0.0
2024-11-06 05:30:00+00:00,2307.0,0.0,0.0
2024-11-06 05:40:00+00:00,2311.5,0.0,0.0
2024-11-06 05:50:00+00:00,2316.0,0.0,0.0
2024-11-06 06:00:00+00:00,2320.5,0.0,0.0
2024-11-06 06:10:00+00:00,2325.0,0.0,0.0
2024-11-06 06:20:00+00:00,2329.5,0.0,0.0
2024-11-06 06:30:00+00:00,2333.5,0.0,0.0
2024-11-06 06:40:00+00:00,2337.5,0.0,0.0
2024-11-06 06:50:00+00:00,2341.5,0.0,0.0
2024-11-06 07:00:00+00:00,2345.5,0.0,0.0
2024-11-06 07:10:00+00:00,2350.0,0.0,0.0
2024-11-06 07:20:00+00:00,2354.5,0.0,0.0
2024-11-06 07:30:00+00:00,2358.5,0.0,0.0
2024-11-06 07:40:00+00:00,2362.5,0.0,0.0
2024-11-06 07:50:00+00:00,2367.0,0.0,0.0
2024-11-06 08:00:00+00:00,2371.5,0.0,0.0
2024-11-06 08:10:00+00:00,2375.5,0.0,0.0
2024-11-06 08:20:00+00:00,2380.0,0.0,0.0
2024-11-06 08:30:00+00:00,2384.5,0.0,0.0
2024-11-06 08:40:00+00:00,2389.0,0.0,0.0
2024-11-06 08:50:00+00:00,2393.5,0.0,0.0
2024-11-06 09:00:00+00:00,2397.5,0.0,0.0
2024-11-06 09:10:00+00:00,2401.5,0.0,0.0
2024-11-06 09:20:00+00:00,2406.0,0.0,0.0
2024-11-06 09:30:00+00:00,2410.5,0.0,0.0
2024-11-06 09:40:00+00:00,2415.0,0.0,0.0
2024-11-06 09:50:00+00:00,2419.5,0.0,0.0
2024-11-06 10:00:00+00:00,2423.5,0.0,0.0
2024-11-06 10:10:00+00:00,2428.0,0.0,0.0
2024-11-06 10:20:00+00:00,2432.5,0.0,0.0
2024-11-06 10:30:00+00:00,2437.0,0.0,0.0
2024-11-06 10:40:00+00:00,2441.5,0.0,0.0
2024-11-06 10:50:00+00:00,2446.0,0.0,0.0
2024-11-06 11:00:00+00:00,2450.5,0.0,0.0
2024-11-06 11:10:00+00:00,2455.0,0.0,0.0
2024-11-06 11:20:00+00:00,2459.0,0.0,0.0
2024-11-06 11:30:00+00:00,2463.0,0.0,0.0
2024-11-06 11:40:00+00:00,2467.5,0.0,0.0
2024-11-06 11:50:00+00:00,2472.0,0.0,0.0
2024-11-06 12:00:00+00:00,2476.5,0.0,0.0
2024-11-06 12:10:00+00:00,2480.5,0.0,0.0
2024-11-06 12:20:00+00:00,2485.0,0.0,0.0
2024-11-06 12:30:00+00:00,2489.5,0.0,0.0
2024-11-06 12:40:00+00:00,2494.0,0.0,0.0
2024-11-06 12:50:00+00:00,2498.5,0.0,0.0
2024-11-06 13:00:00+00:00,2502.5,0.0,0.0
2024-11-06 13:10:00+00:00,2507.0,0.0,0.0
2024-11-06 13:20:00+00:00,2511.5,0.0,0.0
2024-11-06 13:30:00+00:00,2516.0,0.0,0.0
2024-11-06 13:40:00+00:00,2520.5,0.0,0.0
2024-11-06 13:50:00+00:00,2525.0,0.0,0.0
2024-11-06 14:00:00+00:00,2529.5,0.0,0.0
2024-11-06 14:10:00+00:00,2534.0,0.0,0.0
2024-11-06 14:20:00+00:00,2538.5,0.0,0.0
2024-11-06 14:30:00+00:00,2543.0,0.0,0.0
2024-11-06 14:40:00+00:00,2547.5,0.0,0.0
2024-11-06 14:50:00+00:00,2551.5,0.0,0.0
2024-11-06 15:00:00+00:00,2556.0,0.0,0.0
2024-11-06 15:10:00+00:00,2560.5,0.0,0.0
2024-11-06 15:20:00+00:00,2565.0,0.0,0.0
2024-11-06 15:30:00+00:00,2569.5,0.0,0.0
2024-11-06 15:40:00+00:00,2573.5,0.0,0.0
2024-11-06 15:50:00+00:00,2578.0,0.0,0.0
2024-11-06 16:00:00+00:00,2582.5,0.0,0.0
2024-11-06 16:10:00+00:00,2587.0,0.0,0.0
2024-11-06 16:20:00+00:00,2591.5,0.0,0.0
2024-11-06 16:30:00+00:00,2596.0,0.0,0.0
2024-11-06 16:40:00+00:00,2600.5,0.0,0.0
2024-11-06 16:50:00+00:00,2605.0,0.0,0.0
2024-11-06 17:00:00+00:00,2609.5,0.0,0.0
2024-11-06 17:10:00+00:00,2613.5,0.0,0.0
2024-11-06 17:20:00+00:00,2617.5,0.0,0.0
2024-11-06 17:30:00+00:00,2621.5,0.0,0.0
2024-11-06 17:40:00+00:00,2626.0,0.0,0.0
2024-11-06 17:50:00+00:00,2630.0,0.0,0.0
2024-11-06 18:00:00+00:00,2633.5,0.0,0.0
2024-11-06 18:10:00+00:00,2638.0,0.0,0.0
2024-11-06 18:20:00+00:00,2642.5,0.0,0.0
2024-11-06 18:30:00+00:00,2647.0,0.0,0.0
2024-11-06 18:40:00+00:00,2651.5,0.0,0.0
2024-11-06 18:50:00+00:00,2656.0,0.0,0.0
2024-11-06 19:00:00+00:00,2660.5,0.0,0.0
2024-11-06 19:10:00+00:00,2664.5,0.0,0.0
2024-11-06 19:20:00+00:00,2669.0,0.0,0.0
2024-11-06 19:30:00+00:00,2673.5,0.0,0.0
2024-11-06 19:40:00+00:00,2678.0,0.0,0.0
2024-11-06 19:50:00+00:00,2682.5,0.0,0.0
2024-11-06 20:00:00+00:00,2687.0,0.0,0.0
2024-11-06 20:10:00+00:00,2691.5,0.0,0.0
2024-11-06 20:20:00+00:00,2696.0,0.0,0.0
2024-11-06 20:30:00+00:00,2700.5,0.0,0.0
2024-11-06 20:40:00+00:00,2705.0,0.0,0.0
2024-11-06 20:50:00+00:00,2709.5,0.0,0.0
2024-11-06 21:00:00+00:00,2714.0,0.0,0.0
2024-11-06 21:10:00+00:00,2718.5,0.0,0.0
2024-11-06 21:20:00+00:00,2723.0,0.0,0.0
2024-11-06 21:30:00+00:00,2727.5,0.0,0.0
2024-11-06 21:40:00+00:00,2731.5,0.0,0.0
2024-11-06 21:50:00+00:00,2736.0,0.0,0.0
2024-11-06 22:00:00+00:00,2740.5,0.0,0.0
2024-11-06 22:10:00+00:00,2745.0,0.0,0.0
2024-11-06 22:20:00+00:00,2749.5,0.0,0.0
2024-11-06 22:30:00+00:00,2754.0,0.0,0.0
2024-11-06 22:40:00+00:00,2758.5,0.0,0.0
2024-11-06 22:50:00+00:00,2763.0,0.0,0.0
2024-11-06 23:00:00+00:00,2767.5,0.0,0.0
2024-11-06 23:10:00+00:00,2772.0,0.0,0.0
2024-11-06 23:20:00+00:00,2776.5,0.0,0.0
2024-11-06 23:30:00+00:00,2781.0,0.0,0.0
2024-11-06 23:40:00+00:00,2785.5,0.0,0.0
2024-11-06 23:50:00+00:00,2790.0,0.0,0.0
2024-11-07 00:00:00+00:00,2794.5,0.0,0.0
2024-11-07 00:10:00+00:00,2799.0,0.0,0.0
2024-11-07 00:20:00+00:00,2803.5,0.0,0.0
2024-11-07 00:30:00+00:00,2807.5,0.0,0.0
2024-11-07 00:40:00+00:00,2812.0,0.0,0.0
2024-11-07 00:50:00+00:00,2816.5,0.0,0.0
2024-11-07 01:00:00+00:00,2821.0,0.0,0.0
2024-11-07 01:10:00+00:00,2825.5,0.0,0.0
2024-11-07 01:20:00+00:00,2830.0,0.0,0.0
2024-11-07 01:30:00+00:00,2834.5,0.0,0.0
2024-11-07 01:40:00+00:00,2839.0,0.0,0.0
2024-11-07 01:50:00+00:00,2843.5,0.0,0.0
2024-11-07 02:00:00+00:00,2848.0,0.0,0.0
2024-11-07 02:10:00+00:00,2852.5,0.0,0.0
2024-11-07 02:20:00+00:00,2857.0,0.0,0.0
2024-11-07 02:30:00+00:00,2861.5,0.0,0.0
2024-11-07 02:40:00+00:00,2866.0,0.0,0.0
2024-11-07 02:50:00+00:00,2870.5,0.0,0.0
2024-11-07 03:00:00+00:00,2875.0,0.0,0.0
2024-11-07 03:10:00+00:00,2879.0,0.0,0.0
2024-11-07 03:20:00+00:00,2882.5,0.0,0.0
2024-11-07 03:30:00+00:00,2887.0,0.0,0.0
2024-11-07 03:40:00+00:00,2891.5,0.0,0.0
2024-11-07 03:50:00+00:00,2896.0,0.0,0.0
2024-11-07 04:00:00+00:00,2900.5,0.0,0.0
2024-11-07 04:10:00+00:00,2905.0,0.0,0.0
2024-11-07 04:20:00+00:00,2909.5,0.0,0.0
2024-11-07 04:30:00+00:00,2914.0,0.0,0.0
2024-11-07 04:40:00+00:00,2918.5,0.0,0.0
2024-11-07 04:50:00+00:00,2923.0,0.0,0.0
2024-11-07 05:00:00+00:00,2927.5,0.0,0.0
2024-11-07 05:10:00+00:00,2932.0,0.0,0.0
2024-11-07 05:20:00+00:00,2936.5,0.0,0.0
2024-11-07 05:30:00+00:00,2941.0,0.0,0.0
2024-11-07 05:40:00+00:00,2945.5,0.0,0.0
2024-11-07 05:50:00+00:00,2950.0,0.0,0.0
2024-11-07 06:00:00+00:00,2954.5,0.0,0.0
2024-11-07 06:10:00+00:00,2958.5,0.0,0.0
2024-11-07 06:20:00+00:00,2963.0,0.0,0.0
2024-11-07 06:30:00+00:00,2968.0,0.0,0.0
2024-11-07 06:40:00+00:00,2972.5,0.0,0.0
2024-11-07 06:50:00+00:00,2977.0,0.0,0.0
2024-11-07 07:00:00+00:00,2981.5,0.0,0.0
2024-11-07 07:10:00+00:00,2986.0,0.0,0.0
2024-11-07 07:20:00+00:00,2990.5,0.0,0.0
2024-11-07 07:30:00+00:00,2994.5,0.0,0.0
2024-11-07 07:40:00+00:00,2999.0,0.0,0.0
2024-11-07 07:50:00+00:00,3003.5,0.0,0.0
2024-11-07 08:00:00+00:00,3008.0,0.0,0.0
2024-11-07 08:10:00+00:00,3012.5,0.0,0.0
2024-11-07 08:20:00+00:00,3017.0,0.0,0.0
2024-11-07 08:30:00+00:00,3021.5,0.0,0.0
2024-11-07 08:40:00+00:00,3026.0,0.0,0.0
2024-11-07 08:50:00+00:00,3030.5,0.0,0.0
2024-11-07 09:00:00+00:00,3035.0,0.0,0.0
2024-11-07 09:10:00+00:00,3039.5,0.0,0.0
2024-11-07 09:20:00+00:00,3044.0,0.0,0.0
2024-11-07 09:30:00+00:00,3048.5,0.0,0.0
2024-11-07 09:40:00+00:00,3053.0,0.0,0.0
2024-11-07 09:50:00+00:00,3057.5,0.0,0.0
2024-11-07 10:00:00+00:00,3062.0,0.0,0.0
2024-11-07 10:10:00+00:00,3066.5,0.0,0.0
2024-11-07 10:20:00+00:00,3070.5,0.0,0.0
2024-11-07 10:30:00+00:00,3075.0,0.0,0.0
2024-11-07 10:40:00+00:00,3079.5,0.0,0.0
2024-11-07 10:50:00+00:00,3084.0,0.0,0.0
2024-11-07 11:00:00+00:00,3088.5,0.0,0.0
2024-11-07 11:10:00+00:00,3093.0,0.0,0.0
2024-11-07 11:20:00+00:00,3097.5,0.0,0.0
2024-11-07 11:30:00+00:00,3102.0,0.0,0.0
2024-11-07 11:40:00+00:00,3106.5,0.0,0.0
2024-11-07 11:50:00+00:00,3110.5,0.0,0.0
2024-11-07 12:00:00+00:00,3115.0,0.0,0.0
2024-11-07 12:10:00+00:00,3119.5,0.0,0.0
2024-11-07 12:20:00+00:00,3124.0,0.0,0.0
2024-11-07 12:30:00+00:00,3128.5,0.0,0.0
2024-11-07 12:40:00+00:00,3133.0,0.0,0.0
2024-11-07 12:50:00+00:00,3137.5,0.0,0.0
2024-11-07 13:00:00+00:00,3142.0,0.0,0.0
2024-11-07 13:10:00+00:00,3146.5,0.0,0.0
2024-11-07 13:20:00+00:00,3151.0,0.0,0.0
2024-11-07 13:30:00+00:00,3155.5,0.0,0.0
2024-11-07 13:40:00+00:00,3160.0,0.0,0.0
2024-11-07 13:50:00+00:00,3164.5,0.0,0.0
2024-11-07 14:00:00+00:00,3169.0,0.0,0.0
2024-11-07 14:10:00+00:00,3173.5,0.0,0.0
2024-11-07 14:20:00+00:00,3178.0,0.0,0.0
2024-11-07 14:30:00+00:00,3182.5,0.0,0.0
2024-11-07 14:40:00+00:00,3186.5,0.0,0.0
2024-11-07 14:50:00+00:00,3191.0,0.0,0.0
2024-11-07 15:00:00+00:00,3195.5,0.0,0.0
2024-11-07 15:10:00+00:00,3200.0,0.0,0.0
2024-11-07 15:20:00+00:00,3204.5,0.0,0.0
2024-11-07 15:30:00+00:00,3209.0,0.0,0.0
2024-11-07 15:40:00+00:00,3213.5,0.0,0.0
2024-11-07 15:50:00+00:00,3217.5,0.0,0.0
2024-11-07 16:00:00+00:00,3222.0,0.0,0.0
2024-11-07 16:10:00+00:00,3226.5,0.0,0.0
2024-11-07 16:20:00+00:00,3231.0,0.0,0.0
2024-11-07 16:30:00+00:00,3235.5,0.0,0.0
2024-11-07 16:40:00+00:00,3240.0,0.0,0.0
2024-11-07 16:50:00+00:00,3244.5,0.0,0.0
2024-11-07 17:00:00+00:00,3249.0,0.0,0.0
2024-11-07 17:10:00+00:00,3253.5,0.0,0.0
2024-11-07 17:20:00+00:00,3258.0,0.0,0.0
2024-11-07 17:30:00+00:00,3262.5,0.0,0.0
2024-11-07 17:40:00+00:00,3267.0,0.0,0.0
2024-11-07 17:50:00+00:00,3271.5,0.0,0.0
2024-11-07 18:00:00+00:00,3274.5,0.0,0.0
2024-11-07 18:10:00+00:00,3276.0,0.0,0.0
2024-11-07 18:20:00+00:00,3278.5,0.0,0.0
2024-11-07 18:30:00+00:00,3283.0,0.0,0.0
2024-11-07 18:40:00+00:00,3287.5,0.0,0.0
2024-11-07 18:50:00+00:00,3291.5,0.0,0.0
2024-11-07 19:00:00+00:00,3296.0,0.0,0.0
2024-11-07 19:10:00+00:00,3300.5,0.0,0.0
2024-11-07 19:20:00+00:00,3305.0,0.0,0.0
2024-11-07 19:30:00+00:00,3309.5,0.0,0.0
2024-11-07 19:40:00+00:00,3314.0,0.0,0.0
2024-11-07 19:50:00+00:00,3318.5,0.0,0.0
2024-11-07 20:00:00+00:00,3323.0,0.0,0.0
2024-11-07 20:10:00+00:00,3327.5,0.0,0.0
2024-11-07 20:20:00+00:00,3332.0,0.0,0.0
2024-11-07 20:30:00+00:00,3336.5,0.0,0.0
2024-11-07 20:40:00+00:00,3341.0,0.0,0.0
2024-11-07 20:50:00+00:00,3345.5,0.0,0.0
2024-11-07 21:00:00+00:00,3350.0,0.0,0.0
2024-11-07 21:10:00+00:00,3354.5,0.0,0.0
2024-11-07 21:20:00+00:00,3359.0,0.0,0.0
2024-11-07 21:30:00+00:00,3363.5,0.0,0.0
2024-11-07 21:40:00+00:00,3367.5,0.0,0.0
2024-11-07 21:50:00+00:00,3372.0,0.0,0.0
2024-11-07 22:00:00+00:00,3376.5,0.0,0.0
2024-11-07 22:10:00+00:00,3381.0,0.0,0.0
2024-11-07 22:20:00+00:00,3385.5,0.0,0.0
2024-11-07 22:30:00+00:00,3390.0,0.0,0.0
2024-11-07 22:40:00+00:00,3394.5,0.0,0.0
2024-11-07 22:50:00+00:00,3399.0,0.0,0.0
2024-11-07 23:00:00+00:00,3403.5,0.0,0.0
2024-11-07 23:10:00+00:00,3408.0,0.0,0.0
2024-11-07 23:20:00+00:00,3412.5,0.0,0.0
2024-11-07 23:30:00+00:00,3417.0,0.0,0.0
2024-11-07 23:40:00+00:00,3421.5,0.0,0.0
2024-11-07 23:50:00+00:00,3426.0,0.0,0.0
2024-11-08 00:00:00+00:00,3430.5,0.0,0.0
2024-11-08 00:10:00+00:00,3435.0,0.0,0.0
2024-11-08 00:20:00+00:00,3439.5,0.0,0.0
2024-11-08 00:30:00+00:00,3443.5,0.0,0.0
2024-11-08 00:40:00+00:00,3448.0,0.0,0.0
2024-11-08 00:50:00+00:00,3452.5,0.0,0.0
2024-11-08 01:00:00+00:00,3457.0,0.0,0.0
2024-11-08 01:10:00+00:00,3461.5,0.0,0.0
2024-11-08 01:20:00+00:00,3466.0,0.0,0.0
2024-11-08 01:30:00+00:00,3470.5,0.0,0.0
2024-11-08 01:40:00+00:00,3475.0,0.0,0.0
2024-11-08 01:50:00+00:00,3479.5,0.0,0.0
2024-11-08 02:00:00+00:00,3483.5,0.0,0.0
2024-11-08 02:10:00+00:00,3488.0,0.0,0.0
2024-11-08 02:20:00+00:00,3492.5,0.0,0.0
2024-11-08 02:30:00+00:00,3497.0,0.0,0.0
2024-11-08 02:40:00+00:00,3501.5,0.0,0.0
2024-11-08 02:50:00+00:00,3506.0,0.0,0.0
2024-11-08 03:00:00+00:00,3510.5,0.0,0.0
2024-11-08 03:10:00+00:00,3514.5,0.0,0.0
2024-11-08 03:20:00+00:00,3519.0,0.0,0.0
2024-11-08 03:30:00+00:00,3523.5,0.0,0.0
2024-11-08 03:40:00+00:00,3528.0,0.0,0.0
2024-11-08 03:50:00+00:00,3532.5,0.0,0.0
2024-11-08 04:00:00+00:00,3537.0,0.0,0.0
2024-11-08 04:10:00+00:00,3541.5,0.0,0.0
2024-11-08 04:20:00+00:00,3545.5,0.0,0.0
2024-11-08 04:30:00+00:00,3550.0,0.0,0.0
2024-11-08 04:40:00+00:00,3554.5,0.0,0.0
2024-11-08 04:50:00+00:00,3559.0,0.0,0.0
2024-11-08 05:00:00+00:00,3563.5,0.0,0.0
2024-11-08 05:10:00+00:00,3568.0,0.0,0.0
2024-11-08 05:20:00+00:00,3572.5,0.0,0.0
2024-11-08 05:30:00+00:00,3577.0,0.0,0.0
2024-11-08 05:40:00+00:00,3581.5,0.0,0.0
2024-11-08 05:50:00+00:00,3585.5,0.0,0.0
2024-11-08 06:00:00+00:00,3590.0,0.0,0.0
2024-11-08 06:10:00+00:00,3594.5,0.0,0.0
2024-11-08 06:20:00+00:00,3599.0,0.0,0.0
2024-11-08 06:30:00+00:00,3603.5,0.0,0.0
2024-11-08 06:40:00+00:00,3608.0,0.0,0.0
2024-11-08 06:50:00+00:00,3612.5,0.0,0.0
2024-11-08 07:00:00+00:00,3616.5,0.0,0.0
2024-11-08 07:10:00+00:00,3620.5,0.0,0.0
2024-11-08 07:20:00+00:00,3624.5,0.0,0.0
2024-11-08 07:30:00+00:00,3629.0,0.0,0.0
2024-11-08 07:40:00+00:00,3633.5,0.0,0.0
2024-11-08 07:50:00+00:00,3637.5,0.0,0.0
2024-11-08 08:00:00+00:00,3642.0,0.0,0.0
2024-11-08 08:10:00+00:00,3646.5,0.0,0.0
2024-11-08 08:20:00+00:00,3650.5,0.0,0.0
2024-11-08 08:30:00+00:00,3654.5,0.0,0.0
2024-11-08 08:40:00+00:00,3659.0,0.0,0.0
2024-11-08 08:50:00+00:00,3663.5,0.0,0.0
2024-11-08 09:00:00+00:00,3668.0,0.0,0.0
2024-11-08 09:10:00+00:00,3672.5,0.0,0.0
2024-11-08 09:20:00+00:00,3677.0,0.0,0.0
2024-11-08 09:30:00+00:00,3681.5,0.0,0.0
2024-11-08 09:40:00+00:00,3685.0,0.0,0.0
2024-11-08 09:50:00+00:00,3689.0,0.0,0.0
2024-11-08 10:00:00+00:00,3693.5,0.0,0.0
2024-11-08 10:10:00+00:00,3698.0,0.0,0.0
2024-11-08 10:20:00+00:00,3702.5,0.0,0.0
2024-11-08 10:30:00+00:00,3706.5,0.0,0.0
2024-11-08 10:40:00+00:00,3710.0,0.0,0.0
2024-11-08 10:50:00+00:00,3713.5,0.0,0.0
2024-11-08 11:00:00+00:00,3718.0,0.0,0.0
2024-11-08 11:10:00+00:00,3722.5,0.0,0.0
2024-11-08 11:20:00+00:00,3727.0,0.0,0.0
2024-11-08 11:30:00+00:00,3731.5,0.0,0.0
2024-11-08 11:40:00+00:00,3736.0,0.0,0.0
2024-11-08 11:50:00+00:00,3740.5,0.0,0.0
2024-11-08 12:00:00+00:00,3745.0,0.0,0.0
2024-11-08 12:10:00+00:00,3749.5,0.0,0.0
2024-11-08 12:20:00+00:00,3753.5,0.0,0.0
2024-11-08 12:30:00+00:00,3758.0,0.0,0.0
2024-11-08 12:40:00+00:00,3762.5,0.0,0.0
2024-11-08 12:50:00+00:00,3767.0,0.0,0.0
2024-11-08 13:00:00+00:00,3771.5,0.0,0.0
2024-11-08 13:10:00+00:00,3776.0,0.0,0.0
2024-11-08 13:20:00+00:00,3780.5,0.0,0.0
2024-11-08 13:30:00+00:00,3785.0,0.0,0.0
2024-11-08 13:40:00+00:00,3789.5,0.0,0.0
2024-11-08 13:50:00+00:00,3794.0,0.0,0.0
2024-11-08 14:00:00+00:00,3798.5,0.0,0.0
2024-11-08 14:10:00+00:00,3802.5,0.0,0.0
2024-11-08 14:20:00+00:00,3807.0,0.0,0.0
2024-11-08 14:30:00+00:00,3811.5,0.0,0.0
2024-11-08 14:40:00+00:00,3816.0,0.0,0.0
2024-11-08 14:50:00+00:00,3820.5,0.0,0.0
2024-11-08 15:00:00+00:00,3825.0,0.0,0.0
2024-11-08 15:10:00+00:00,3829.5,0.0,0.0
2024-11-08 15:20:00+00:00,3834.0,0.0,0.0
2024-11-08 15:30:00+00:00,3838.5,0.0,0.0
2024-11-08 15:40:00+00:00,3843.0,0.0,0.0
2024-11-08 15:50:00+00:00,3847.5,0.0,0.0
2024-11-08 16:00:00+00:00,3852.0,0.0,0.0
2024-11-08 16:10:00+00:00,3856.5,0.0,0.0
2024-11-08 16:20:00+00:00,3861.0,0.0,0.0
2024-11-08 16:30:00+00:00,3865.5,0.0,0.0
2024-11-08 16:40:00+00:00,3870.0,0.0,0.0
2024-11-08 16:50:00+00:00,3874.5,0.0,0.0
2024-11-08 17:00:00+00:00,3878.5,0.0,0.0
2024-11-08 17:10:00+00:00,3883.0,0.0,0.0
2024-11-08 17:20:00+00:00,3887.5,0.0,0.0
2024-11-08 17:30:00+00:00,3892.0,0.0,0.0
2024-11-08 17:40:00+00:00,3896.5,0.0,0.0
2024-11-08 17:50:00+00:00,3901.0,0.0,0.0
2024-11-08 18:00:00+00:00,3905.5,0.0,0.0
2024-11-08 18:10:00+00:00,3910.0,0.0,0.0
2024-11-08 18:20:00+00:00,3914.5,0.0,0.0
2024-11-08 18:30:00+00:00,3919.0,0.0,0.0
2024-11-08 18:40:00+00:00,3923.5,0.0,0.0
2024-11-08 18:50:00+00:00,3928.0,0.0,0.0
2024-11-08 19:00:00+00:00,3932.5,0.0,0.0
2024-11-08 19:10:00+00:00,3937.0,0.0,0.0
2024-11-08 19:20:00+00:00,3941.5,0.0,0.0
2024-11-08 19:30:00+00:00,3946.0,0.0,0.0
2024-11-08 19:40:00+00:00,3950.5,0.0,0.0
2024-11-08 19:50:00+00:00,3954.5,0.0,0.0
2024-11-08 20:00:00+00:00,3959.0,0.0,0.0
2024-11-08 20:10:00+00:00,3963.5,0.0,0.0
2024-11-08 20:20:00+00:00,3968.0,0.0,0.0
2024-11-08 20:30:00+00:00,3972.5,0.0,0.0
2024-11-08 20:40:00+00:00,3977.0,0.0,0.0
2024-11-08 20:50:00+00:00,3981.5,0.0,0.0
2024-11-08 21:00:00+00:00,3986.0,0.0,0.0
2024-11-08 21:10:00+00:00,3990.5,0.0,0.0
2024-11-08 21:20:00+00:00,3995.0,0.0,0.0
2024-11-08 21:30:00+00:00,3999.5,0.0,0.0
2024-11-08 21:40:00+00:00,4004.0,0.0,0.0
2024-11-08 21:50:00+00:00,4008.5,0.0,0.0
2024-11-08 22:00:00+00:00,4013.0,0.0,0.0
2024-11-08 22:10:00+00:00,4017.5,0.0,0.0
2024-11-08 22:20:00+00:00,4022.0,0.0,0.0
2024-11-08 22:30:00+00:00,4026.5,0.0,0.0
2024-11-08 22:40:00+00:00,4030.5,0.0,0.0
2024-11-08 22:50:00+00:00,4035.0,0.0,0.0
2024-11-08 23:00:00+00:00,4039.5,0.0,0.0
2024-11-08 23:10:00+00:00,4044.0,0.0,0.0
2024-11-08 23:20:00+00:00,4048.5,0.0,0.0
2024-11-08 23:30:00+00:00,4053.0,0.0,0.0
2024-11-08 23:40:00+00:00,4057.5,0.0,0.0
2024-11-08 23:50:00+00:00,4062.0,0.0,0.0
2024-11-09 00:00:00+00:00,4066.5,0.0,0.0
2024-11-09 00:10:00+00:00,4071.0,0.0,0.0
2024-11-09 00:20:00+00:00,4075.5,0.0,0.0
2024-11-09 00:30:00+00:00,4080.0,0.0,0.0
2024-11-09 00:40:00+00:00,4084.5,0.0,0.0
2024-11-09 00:50:00+00:00,4089.0,0.0,0.0
2024-11-09 01:00:00+00:00,4093.5,0.0,0.0
2024-11-09 01:10:00+00:00,4098.0,0.0,0.0
2024-11-09 01:20:00+00:00,4102.5,0.0,0.0
2024-11-09 01:30:00+00:00,4106.5,0.0,0.0
2024-11-09 01:40:00+00:00,4110.5,0.0,0.0
2024-11-09 01:50:00+00:00,4114.5,0.0,0.0
2024-11-09 02:00:00+00:00,4119.0,0.0,0.0
2024-11-09 02:10:00+00:00,4123.5,0.0,0.0
2024-11-09 02:20:00+00:00,4128.0,0.0,0.0
2024-11-09 02:30:00+00:00,4132.5,0.0,0.0
2024-11-09 02:40:00+00:00,4137.0,0.0,0.0
2024-11-09 02:50:00+00:00,4141.5,0.0,0.0
2024-11-09 03:00:00+00:00,4146.0,0.0,0.0
2024-11-09 03:10:00+00:00,4150.5,0.0,0.0
2024-11-09 03:20:00+00:00,4154.5,0.0,0.0
2024-11-09 03:30:00+00:00,4159.0,0.0,0.0
2024-11-09 03:40:00+00:00,4163.5,0.0,0.0
2024-11-09 03:50:00+00:00,4167.5,0.0,0.0
2024-11-09 04:00:00+00:00,4172.0,0.0,0.0
2024-11-09 04:10:00+00:00,4176.5,0.0,0.0
2024-11-09 04:20:00+00:00,4181.0,0.0,0.0
2024-11-09 04:30:00+00:00,4185.5,0.0,0.0
2024-11-09 04:40:00+00:00,4189.5,0.0,0.0
2024-11-09 04:50:00+00:00,4194.0,0.0,0.0
2024-11-09 05:00:00+00:00,4198.5,0.0,0.0
2024-11-09 05:10:00+00:00,4203.0,0.0,0.0
2024-11-09 05:20:00+00:00,4207.5,0.0,0.0
2024-11-09 05:30:00+00:00,4212.0,0.0,0.0
2024-11-09 05:40:00+00:00,4217.0,0.0,0.0
2024-11-09 05:50:00+00:00,4221.5,0.0,0.0
2024-11-09 06:00:00+00:00,4226.0,0.0,0.0
2024-11-09 06:10:00+00:00,4230.5,0.0,0.0
2024-11-09 06:20:00+00:00,4235.0,0.0,0.0
2024-11-09 06:30:00+00:00,4239.5,0.0,0.0
2024-11-09 06:40:00+00:00,4244.0,0.0,0.0
2024-11-09 06:50:00+00:00,4248.5,0.0,0.0
2024-11-09 07:00:00+00:00,4253.0,0.0,0.0
2024-11-09 07:10:00+00:00,4257.5,0.0,0.0
2024-11-09 07:20:00+00:00,4261.5,0.0,0.0
2024-11-09 07:30:00+00:00,4266.0,0.0,0.0
2024-11-09 07:40:00+00:00,4270.5,0.0,0.0
2024-11-09 07:50:00+00:00,4275.0,0.0,0.0
2024-11-09 08:00:00+00:00,4279.5,0.0,0.0
2024-11-09 08:10:00+00:00,4284.0,0.0,0.0
2024-11-09 08:20:00+00:00,4288.5,0.0,0.0
2024-11-09 08:30:00+00:00,4293.0,0.0,0.0
2024-11-09 08:40:00+00:00,4297.5,0.0,0.0
2024-11-09 08:50:00+00:00,4300.0,0.0,0.0
2024-11-09 09:00:00+00:00,,0.0,0.0
2024-11-09 09:10:00+00:00,,0.0,0.0
2024-11-09 09:20:00+00:00,,0.0,0.0
2024-11-09 09:30:00+00:00,,0.0,0.0
2024-11-09 09:40:00+00:00,,0.0,0.0
2024-11-09 09:50:00+00:00,,0.0,0.0
2024-11-09 10:00:00+00:00,,0.0,0.0
2024-11-09 10:10:00+00:00,,0.0,0.0
2024-11-09 10:20:00+00:00,,0.0,0.0
2024-11-09 10:30:00+00:00,,0.0,0.0
2024-11-09 10:40:00+00:00,,0.0,0.0
2024-11-09 10:50:00+00:00,,0.0,0.0
2024-11-09 11:00:00+00:00,,0.0,0.0
2024-11-09 11:10:00+00:00,,0.0,0.0
2024-11-09 11:20:00+00:00,,0.0,0.0
2024-11-09 11:30:00+00:00,,0.0,0.0
2024-11-09 11:40:00+00:00,,0.0,0.0
2024-11-09 11:50:00+00:00,,0.0,0.0
2024-11-09 12:00:00+00:00,,0.0,0.0
2024-11-09 12:10:00+00:00,,0.0,0.0
2024-11-09 12:20:00+00:00,,0.0,0.0
2024-11-09 12:30:00+00:00,,0.0,0.0
2024-11-09 12:40:00+00:00,,0.0,0.0
2024-11-09 12:50:00+00:00,,0.0,0.0
2024-11-09 13:00:00+00:00,,0.0,0.0
2024-11-09 13:10:00+00:00,,0.0,0.0
2024-11-09 13:20:00+00:00,,0.0,0.0
2024-11-09 13:30:00+00:00,,0.0,0.0
2024-11-09 13:40:00+00:00,,0.0,0.0
2024-11-09 13:50:00+00:00,,0.0,0.0
2024-11-09 14:00:00+00:00,,0.0,0.0
2024-11-09 14:10:00+00:00,,0.0,0.0
2024-11-09 14:20:00+00:00,,0.0,0.0
2024-11-09 14:30:00+00:00,,0.0,0.0
2024-11-09 14:40:00+00:00,,0.0,0.0
2024-11-09 14:50:00+00:00,,0.0,0.0
2024-11-09 15:00:00+00:00,,0.0,0.0
2024-11-09 15:10:00+00:00,,0.0,0.0
2024-11-09 15:20:00+00:00,,0.0,0.0
2024-11-09 15:30:00+00:00,,0.0,0.0
2024-11-09 15:40:00+00:00,,0.0,0.0
2024-11-09 15:50:00+00:00,,0.0,0.0
2024-11-09 16:00:00+00:00,,0.0,0.0
2024-11-09 16:10:00+00:00,,0.0,0.0
2024-11-09 16:20:00+00:00,,0.0,0.0
2024-11-09 16:30:00+00:00,,0.0,0.0
2024-11-09 16:40:00+00:00,,0.0,0.0
2024-11-09 16:50:00+00:00,,0.0,0.0
2024-11-09 17:00:00+00:00,,0.0,0.0
2024-11-09 17:10:00+00:00,,0.0,0.0
2024-11-09 17:20:00+00:00,,0.0,0.0
2024-11-09 17:30:00+00:00,,0.0,0.0
2024-11-09 17:40:00+00:00,,0.0,0.0
2024-11-09 17:50:00+00:00,,0.0,0.0
2024-11-09 18:00:00+00:00,,0.0,0.0
2024-11-09 18:10:00+00:00,,0.0,0.0
2024-11-09 18:20:00+00:00,,0.0,0.0
2024-11-09 18:30:00+00:00,,0.0,0.0
2024-11-09 18:40:00+00:00,,0.0,0.0
2024-11-09 18:50:00+00:00,,0.0,0.0
2024-11-09 19:00:00+00:00,,0.0,0.0
2024-11-09 19:10:00+00:00,,0.0,0.0
2024-11-09 19:20:00+00:00,,0.0,0.0
2024-11-09 19:30:00+00:00,,0.0,0.0
2024-11-09 19:40:00+00:00,,0.0,0.0
2024-11-09 19:50:00+00:00,,0.0,0.0
2024-11-09 20:00:00+00:00,,0.0,0.0
2024-11-09 20:10:00+00:00,,0.0,0.0
2024-11-09 20:20:00+00:00,,0.0,0.0
2024-11-09 20:30:00+00:00,,0.0,0.0
2024-11-09 20:40:00+00:00,,0.0,0.0
2024-11-09 20:50:00+00:00,,0.0,0.0
2024-11-09 21:00:00+00:00,,0.0,0.0
2024-11-09 21:10:00+00:00,,0.0,0.0
2024-11-09 21:20:00+00:00,,0.0,0.0
2024-11-09 21:30:00+00:00,,0.0,0.0
2024-11-09 21:40:00+00:00,,0.0,0.0
2024-11-09 21:50:00+00:00,,0.0,0.0
2024-11-09 22:00:00+00:00,,0.0,0.0
2024-11-09 22:10:00+00:00,,0.0,0.0
2024-11-09 22:20:00+00:00,,0.0,0.0
2024-11-09 22:30:00+00:00,,0.0,0.0
2024-11-09 22:40:00+00:00,,0.0,0.0
2024-11-09 22:50:00+00:00,,0.0,0.0
2024-11-09 23:00:00+00:00,,0.0,0.0
2024-11-09 23:10:00+00:00,,0.0,0.0
2024-11-09 23:20:00+00:00,,0.0,0.0
2024-11-09 23:30:00+00:00,,0.0,0.0
2024-11-09 23:40:00+00:00,,0.0,0.0
2024-11-09 23:50:00+00:00,,0.0,0.0
2024-11-10 00:00:00+00:00,,0.0,0.0
2024-11-10 00:10:00+00:00,,0.0,0.0
2024-11-10 00:20:00+00:00,,0.0,0.0
2024-11-10 00:30:00+00:00,,0.0,0.0
2024-11-10 00:40:00+00:00,,0.0,0.0
2024-11-10 00:50:00+00:00,,0.0,0.0
2024-11-10 01:00:00+00:00,,0.0,0.0
2024-11-10 01:10:00+00:00,,0.0,0.0
2024-11-10 01:20:00+00:00,,0.0,0.0
2024-11-10 01:30:00+00:00,,0.0,0.0
2024-11-10 01:40:00+00:00,,0.0,0.0
2024-11-10 01:50:00+00:00,,0.0,0.0
2024-11-10 02:00:00+00:00,,0.0,0.0
2024-11-10 02:10:00+00:00,,0.0,0.0
2024-11-10 02:20:00+00:00,,0.0,0.0
2024-11-10 02:30:00+00:00,,0.0,0.0
2024-11-10 02:40:00+00:00,,0.0,0.0
2024-11-10 02:50:00+00:00,,0.0,0.0
2024-11-10 03:00:00+00:00,4302.0,0.0,0.0
2024-11-10 03:10:00+00:00,,0.0,0.0
2024-11-10 03:20:00+00:00,4304.0,0.0,0.0
2024-11-10 03:30:00+00:00,4305.0,0.0,0.0
2024-11-10 03:40:00+00:00,4306.0,0.0,0.0
2024-11-10 03:50:00+00:00,4307.0,0.0,0.0
2024-11-10 04:00:00+00:00,4308.0,0.0,0.0
2024-11-10 04:10:00+00:00,4310.0,0.0,0.0
2024-11-10 04:20:00+00:00,4311.0,0.0,0.0
2024-11-10 04:30:00+00:00,4312.0,0.0,0.0
2024-11-10 04:40:00+00:00,,0.0,0.0
2024-11-10 04:50:00+00:00,4313.0,0.0,0.0
2024-11-10 05:00:00+00:00,4314.0,0.0,0.0
2024-11-10 05:10:00+00:00,4315.0,0.0,0.0
2024-11-10 05:20:00+00:00,4316.0,0.0,0.0
2024-11-10 05:30:00+00:00,4317.0,0.0,0.0
2024-11-10 05:40:00+00:00,4318.0,0.0,0.0
2024-11-10 05:50:00+00:00,4319.0,0.0,0.0
2024-11-10 06:00:00+00:00,4320.0,0.0,0.0
2024-11-10 06:10:00+00:00,,0.0,0.0
2024-11-10 06:20:00+00:00,4321.0,0.0,0.0
2024-11-10 06:30:00+00:00,4322.0,0.0,0.0
2024-11-10 06:40:00+00:00,4323.0,0.0,0.0
2024-11-10 06:50:00+00:00,4324.0,0.0,0.0
2024-11-10 07:00:00+00:00,4325.0,0.0,0.0
2024-11-10 07:10:00+00:00,4328.5,0.0,0.0
2024-11-10 07:20:00+00:00,4331.0,0.0,0.0
2024-11-10 07:30:00+00:00,4333.0,0.0,0.0
2024-11-10 07:40:00+00:00,,0.0,0.0
2024-11-10 07:50:00+00:00,4334.0,0.0,0.0
2024-11-10 08:00:00+00:00,4335.5,0.0,0.0
2024-11-10 08:10:00+00:00,4337.0,0.0,0.0
2024-11-10 08:20:00+00:00,4339.0,0.0,0.0
2024-11-10 08:30:00+00:00,4340.0,0.0,0.0
2024-11-10 08:40:00+00:00,4341.0,0.0,0.0
2024-11-10 08:50:00+00:00,4342.0,0.0,0.0
2024-11-10 09:00:00+00:00,,0.0,0.0
2024-11-10 09:10:00+00:00,4343.0,0.0,0.0
2024-11-10 09:20:00+00:00,4344.0,0.0,0.0
2024-11-10 09:30:00+00:00,4345.0,0.0,0.0
2024-11-10 09:40:00+00:00,4346.0,0.0,0.0
2024-11-10 09:50:00+00:00,4347.0,0.0,0.0
2024-11-10 10:00:00+00:00,4348.5,0.0,0.0
2024-11-10 10:10:00+00:00,4350.0,0.0,0.0
2024-11-10 10:20:00+00:00,4351.0,0.0,0.0
2024-11-10 10:30:00+00:00,,0.0,0.0
2024-11-10 10:40:00+00:00,4352.0,0.0,0.0
2024-11-10 10:50:00+00:00,4353.0,0.0,0.0
2024-11-10 11:00:00+00:00,4354.0,0.0,0.0
2024-11-10 11:10:00+00:00,4355.0,0.0,0.0
2024-11-10 11:20:00+00:00,4356.0,0.0,0.0
2024-11-10 11:30:00+00:00,4357.0,0.0,0.0
2024-11-10 11:40:00+00:00,4358.0,0.0,0.0
2024-11-10 11:50:00+00:00,4359.0,0.0,0.0
2024-11-10 12:00:00+00:00,,0.0,0.0
2024-11-10 12:10:00+00:00,4360.0,0.0,0.0
2024-11-10 12:20:00+00:00,4361.0,0.0,0.0
2024-11-10 12:30:00+00:00,4362.0,0.0,0.0
2024-11-10 12:40:00+00:00,4363.0,0.0,0.0
2024-11-10 12:50:00+00:00,4364.0,0.0,0.0
2024-11-10 13:00:00+00:00,4365.0,0.0,0.0
2024-11-10 13:10:00+00:00,4366.0,0.0,0.0
2024-11-10 13:20:00+00:00,,0.0,0.0
2024-11-10 13:30:00+00:00,4367.0,0.0,0.0
2024-11-10 13:40:00+00:00,4368.0,0.0,0.0
2024-11-10 13:50:00+00:00,4369.0,0.0,0.0
2024-11-10 14:00:00+00:00,4370.0,0.0,0.0
2024-11-10 14:10:00+00:00,4371.0,0.0,0.0
2024-11-10 14:20:00+00:00,4372.0,0.0,0.0
2024-11-10 14:30:00+00:00,4373.0,0.0,0.0
2024-11-10 14:40:00+00:00,4374.0,0.0,0.0
2024-11-10 14:50:00+00:00,,0.0,0.0
2024-11-10 15:00:00+00:00,4375.0,0.0,0.0
2024-11-10 15:10:00+00:00,4376.0,0.0,0.0
2024-11-10 15:20:00+00:00,4377.0,0.0,0.0
2024-11-10 15:30:00+00:00,4378.0,0.0,0.0
2024-11-10 15:40:00+00:00,4379.0,0.0,0.0
2024-11-10 15:50:00+00:00,4380.0,0.0,0.0
2024-11-10 16:00:00+00:00,4381.0,0.0,0.0
2024-11-10 16:10:00+00:00,4383.0,0.0,0.0
2024-11-10 16:20:00+00:00,,0.0,0.0
2024-11-10 16:30:00+00:00,4384.0,0.0,0.0
2024-11-10 16:40:00+00:00,4385.0,0.0,0.0
2024-11-10 16:50:00+00:00,4386.0,0.0,0.0
2024-11-10 17:00:00+00:00,4387.0,0.0,0.0
2024-11-10 17:10:00+00:00,4388.0,0.0,0.0
2024-11-10 17:20:00+00:00,4389.0,0.0,0.0
2024-11-10 17:30:00+00:00,4390.0,0.0,0.0
2024-11-10 17:40:00+00:00,4391.0,0.0,0.0
2024-11-10 17:50:00+00:00,,0.0,0.0
2024-11-10 18:00:00+00:00,4392.0,0.0,0.0
2024-11-10 18:10:00+00:00,4393.0,0.0,0.0
2024-11-10 18:20:00+00:00,4394.0,0.0,0.0
2024-11-10 18:30:00+00:00,4395.0,0.0,0.0
2024-11-10 18:40:00+00:00,4396.0,0.0,0.0
2024-11-10 18:50:00+00:00,4397.0,0.0,0.0
2024-11-10 19:00:00+00:00,4398.0,0.0,0.0
2024-11-10 19:10:00+00:00,4399.0,0.0,0.0
2024-11-10 19:20:00+00:00,,0.0,0.0
2024-11-10 19:30:00+00:00,4400.0,0.0,0.0
2024-11-10 19:40:00+00:00,4401.0,0.0,0.0
2024-11-10 19:50:00+00:00,4402.0,0.0,0.0
2024-11-10 20:00:00+00:00,4403.0,0.0,0.0
2024-11-10 20:10:00+00:00,4404.0,0.0,0.0
2024-11-10 20:20:00+00:00,4405.0,0.0,0.0
2024-11-10 20:30:00+00:00,4407.0,0.0,0.0
2024-11-10 20:40:00+00:00,4409.0,0.0,0.0
2024-11-10 20:50:00+00:00,,0.0,0.0
2024-11-10 21:00:00+00:00,4411.0,0.0,0.0
2024-11-10 21:10:00+00:00,4412.0,0.0,0.0
2024-11-10 21:20:00+00:00,4415.0,0.0,0.0
2024-11-10 21:30:00+00:00,4418.0,0.0,0.0
2024-11-10 21:40:00+00:00,4420.0,0.0,0.0
2024-11-10 21:50:00+00:00,4421.0,0.0,0.0
2024-11-10 22:00:00+00:00,4423.0,0.0,0.0
2024-11-10 22:10:00+00:00,4425.0,0.0,0.0
2024-11-10 22:20:00+00:00,,0.0,0.0
2024-11-10 22:30:00+00:00,4427.0,0.0,0.0
2024-11-10 22:40:00+00:00,4431.5,0.0,0.0
2024-11-10 22:50:00+00:00,4433.0,0.0,0.0
2024-11-10 23:00:00+00:00,4435.0,0.0,0.0
2024-11-10 23:10:00+00:00,4436.0,0.0,0.0
2024-11-10 23:20:00+00:00,4437.0,0.0,0.0
2024-11-10 23:30:00+00:00,4440.0,0.0,0.0
2024-11-10 23:40:00+00:00,4442.0,0.0,0.0
2024-11-10 23:50:00+00:00,,0.0,0.0
2024-11-11 00:00:00+00:00,4443.0,0.0,0.0
2024-11-11 00:10:00+00:00,4444.0,0.0,0.0
2024-11-11 00:20:00+00:00,4445.0,0.0,0.0
2024-11-11 00:30:00+00:00,4446.0,0.0,0.0
2024-11-11 00:40:00+00:00,4447.0,0.0,0.0
2024-11-11 00:50:00+00:00,4448.0,0.0,0.0
2024-11-11 01:00:00+00:00,4449.0,0.0,0.0
2024-11-11 01:10:00+00:00,4450.0,0.0,0.0
2024-11-11 01:20:00+00:00,,0.0,0.0
2024-11-11 01:30:00+00:00,4451.0,0.0,0.0
2024-11-11 01:40:00+00:00,4452.0,0.0,0.0
2024-11-11 01:50:00+00:00,4453.0,0.0,0.0
2024-11-11 02:00:00+00:00,4454.0,0.0,0.0
2024-11-11 02:10:00+00:00,4456.0,0.0,0.0
2024-11-11 02:20:00+00:00,4457.0,0.0,0.0
2024-11-11 02:30:00+00:00,4458.0,0.0,0.0
2024-11-11 02:40:00+00:00,4459.0,0.0,0.0
2024-11-11 02:50:00+00:00,,0.0,0.0
2024-11-11 03:00:00+00:00,4460.0,0.0,0.0
2024-11-11 03:10:00+00:00,4461.0,0.0,0.0
2024-11-11 03:20:00+00:00,4462.0,0.0,0.0
2024-11-11 03:30:00+00:00,4463.0,0.0,0.0
2024-11-11 03:40:00+00:00,4464.0,0.0,0.0
2024-11-11 03:50:00+00:00,4465.0,0.0,0.0
2024-11-11 04:00:00+00:00,4466.0,0.0,0.0
2024-11-11 04:10:00+00:00,4467.0,0.0,0.0
2024-11-11 04:20:00+00:00,,0.0,0.0
2024-11-11 04:30:00+00:00,4468.0,0.0,0.0
2024-11-11 04:40:00+00:00,4469.5,0.0,0.0
2024-11-11 04:50:00+00:00,4471.0,0.0,0.0
2024-11-11 05:00:00+00:00,4472.0,0.0,0.0
2024-11-11 05:10:00+00:00,4474.0,0.0,0.0
2024-11-11 05:20:00+00:00,4475.0,0.0,0.0
2024-11-11 05:30:00+00:00,4476.0,0.0,0.0
2024-11-11 05:40:00+00:00,4477.0,0.0,0.0
2024-11-11 05:50:00+00:00,,0.0,0.0
2024-11-11 06:00:00+00:00,4478.0,0.0,0.0
2024-11-11 06:10:00+00:00,4479.0,0.0,0.0
2024-11-11 06:20:00+00:00,4480.0,0.0,0.0
2024-11-11 06:30:00+00:00,4481.0,0.0,0.0
2024-11-11 06:40:00+00:00,4482.0,0.0,0.0
2024-11-11 06:50:00+00:00,4483.0,0.0,0.0
2024-11-11 07:00:00+00:00,4484.0,0.0,0.0
2024-11-11 07:10:00+00:00,4485.0,0.0,0.0
2024-11-11 07:20:00+00:00,,0.0,0.0
2024-11-11 07:30:00+00:00,4486.0,0.0,0.0
2024-11-11 07:40:00+00:00,4487.0,0.0,0.0
2024-11-11 07:50:00+00:00,4488.0,0.0,0.0
2024-11-11 08:00:00+00:00,4489.0,0.0,0.0
2024-11-11 08:10:00+00:00,4490.0,0.0,0.0
2024-11-11 08:20:00+00:00,4491.0,0.0,0.0
2024-11-11 08:30:00+00:00,4492.0,0.0,0.0
2024-11-11 08:40:00+00:00,4493.0,0.0,0.0
2024-11-11 08:50:00+00:00,,0.0,0.0
2024-11-11 09:00:00+00:00,4494.0,0.0,0.0
2024-11-11 09:10:00+00:00,4495.0,0.0,0.0
2024-11-11 09:20:00+00:00,4496.0,0.0,0.0
2024-11-11 09:30:00+00:00,4497.0,0.0,0.0
2024-11-11 09:40:00+00:00,4498.0,0.0,0.0
2024-11-11 09:50:00+00:00,4499.0,0.0,0.0
2024-11-11 10:00:00+00:00,4500.0,0.0,0.0
2024-11-11 10:10:00+00:00,4501.0,0.0,0.0
2024-11-11 10:20:00+00:00,,0.0,0.0
2024-11-11 10:30:00+00:00,4502.0,0.0,0.0
2024-11-11 10:40:00+00:00,4503.0,0.0,0.0
2024-11-11 10:50:00+00:00,4504.0,0.0,0.0
2024-11-11 11:00:00+00:00,4505.0,0.0,0.0
2024-11-11 11:10:00+00:00,4506.0,0.0,0.0
2024-11-11 11:20:00+00:00,4507.0,0.0,0.0
2024-11-11 11:30:00+00:00,4508.0,0.0,0.0
2024-11-11 11:40:00+00:00,4509.0,0.0,0.0
2024-11-11 11:50:00+00:00,,0.0,0.0
2024-11-11 12:00:00+00:00,4510.0,0.0,0.0
2024-11-11 12:10:00+00:00,4511.0,0.0,0.0
2024-11-11 12:20:00+00:00,4512.0,0.0,0.0
2024-11-11 12:30:00+00:00,4513.0,0.0,0.0
2024-11-11 12:40:00+00:00,4514.0,0.0,0.0
2024-11-11 12:50:00+00:00,4515.0,0.0,0.0
2024-11-11 13:00:00+00:00,4516.0,0.0,0.0
2024-11-11 13:10:00+00:00,4517.0,0.0,0.0
2024-11-11 13:20:00+00:00,,0.0,0.0
2024-11-11 13:30:00+00:00,4518.0,0.0,0.0
2024-11-11 13:40:00+00:00,4519.0,0.0,0.0
2024-11-11 13:50:00+00:00,4520.0,0.0,0.0
2024-11-11 14:00:00+00:00,4521.0,0.0,0.0
2024-11-11 14:10:00+00:00,4522.0,0.0,0.0
2024-11-11 14:20:00+00:00,4523.0,0.0,0.0
2024-11-11 14:30:00+00:00,4524.0,0.0,0.0
2024-11-11 14:40:00+00:00,4525.0,0.0,0.0
2024-11-11 14:50:00+00:00,,0.0,0.0
2024-11-11 15:00:00+00:00,4526.0,0.0,0.0
2024-11-11 15:10:00+00:00,4527.0,0.0,0.0
2024-11-11 15:20:00+00:00,4528.0,0.0,0.0
2024-11-11 15:30:00+00:00,4529.0,0.0,0.0
2024-11-11 15:40:00+00:00,4530.0,0.0,0.0
2024-11-11 15:50:00+00:00,4531.0,0.0,0.0
2024-11-11 16:00:00+00:00,4532.0,0.0,0.0
2024-11-11 16:10:00+00:00,4533.0,0.0,0.0
2024-11-11 16:20:00+00:00,,0.0,0.0
2024-11-11 16:30:00+00:00,4534.0,0.0,0.0
2024-11-11 16:40:00+00:00,4535.0,0.0,0.0
2024-11-11 16:50:00+00:00,4536.0,0.0,0.0
2024-11-11 17:00:00+00:00,4537.0,0.0,0.0
2024-11-11 17:10:00+00:00,4538.0,0.0,0.0
2024-11-11 17:20:00+00:00,4539.0,0.0,0.0
2024-11-11 17:30:00+00:00,4540.0,0.0,0.0
2024-11-11 17:40:00+00:00,4541.0,0.0,0.0
2024-11-11 17:50:00+00:00,,0.0,0.0
2024-11-11 18:00:00+00:00,4542.0,0.0,0.0
2024-11-11 18:10:00+00:00,4543.0,0.0,0.0
2024-11-11 18:20:00+00:00,,0.0,0.0
2024-11-11 18:30:00+00:00,4544.0,0.0,0.0
2024-11-11 18:40:00+00:00,4545.0,0.0,0.0
2024-11-11 18:50:00+00:00,4546.0,0.0,0.0
2024-11-11 19:00:00+00:00,4547.0,0.0,0.0
2024-11-11 19:10:00+00:00,,0.0,0.0
2024-11-11 19:20:00+00:00,4548.0,0.0,0.0
2024-11-11 19:30:00+00:00,4549.0,0.0,0.0
2024-11-11 19:40:00+00:00,4550.0,0.0,0.0
2024-11-11 19:50:00+00:00,4551.0,0.0,0.0
2024-11-11 20:00:00+00:00,4552.0,0.0,0.0
2024-11-11 20:10:00+00:00,4553.0,0.0,0.0
2024-11-11 20:20:00+00:00,4554.0,0.0,0.0
2024-11-11 20:30:00+00:00,4555.0,0.0,0.0
2024-11-11 20:40:00+00:00,,0.0,0.0
2024-11-11 20:50:00+00:00,4556.0,0.0,0.0
2024-11-11 21:00:00+00:00,4557.0,0.0,0.0
2024-11-11 21:10:00+00:00,4558.0,0.0,0.0
2024-11-11 21:20:00+00:00,4559.0,0.0,0.0
2024-11-11 21:30:00+00:00,4560.0,0.0,0.0
2024-11-11 21:40:00+00:00,4561.0,0.0,0.0
2024-11-11 21:50:00+00:00,4562.0,0.0,0.0
2024-11-11 22:00:00+00:00,4563.0,0.0,0.0
2024-11-11 22:10:00+00:00,,0.0,0.0
2024-11-11 22:20:00+00:00,4564.5,0.0,0.0
2024-11-11 22:30:00+00:00,4566.0,0.0,0.0
2024-11-11 22:40:00+00:00,4567.0,0.0,0.0
2024-11-11 22:50:00+00:00,4568.0,0.0,0.0
2024-11-11 23:00:00+00:00,4569.0,0.0,0.0
2024-11-11 23:10:00+00:00,4570.0,0.0,0.0
2024-11-11 23:20:00+00:00,4571.0,0.0,0.0
2024-11-11 23:30:00+00:00,,0.0,0.0
2024-11-11 23:40:00+00:00,4572.0,0.0,0.0
2024-11-11 23:50:00+00:00,4573.0,0.0,0.0
2024-11-12 00:00:00+00:00,4574.0,0.0,0.0
2024-11-12 00:10:00+00:00,4575.0,0.0,0.0
2024-11-12 00:20:00+00:00,4576.0,0.0,0.0
2024-11-12 00:30:00+00:00,4577.0,0.0,0.0
2024-11-12 00:40:00+00:00,4578.0,0.0,0.0
2024-11-12 00:50:00+00:00,4579.0,0.0,0.0
2024-11-12 01:00:00+00:00,,0.0,0.0
2024-11-12 01:10:00+00:00,4580.0,0.0,0.0
2024-11-12 01:20:00+00:00,4581.0,0.0,0.0
2024-11-12 01:30:00+00:00,4582.0,0.0,0.0
2024-11-12 01:40:00+00:00,4583.0,0.0,0.0
2024-11-12 01:50:00+00:00,4584.0,0.0,0.0
2024-11-12 02:00:00+00:00,4585.0,0.0,0.0
2024-11-12 02:10:00+00:00,4586.0,0.0,0.0
2024-11-12 02:20:00+00:00,4587.0,0.0,0.0
2024-11-12 02:30:00+00:00,,0.0,0.0
2024-11-12 02:40:00+00:00,4588.0,0.0,0.0
2024-11-12 02:50:00+00:00,4589.0,0.0,0.0
2024-11-12 03:00:00+00:00,4590.0,0.0,0.0
2024-11-12 03:10:00+00:00,4591.0,0.0,0.0
2024-11-12 03:20:00+00:00,4592.0,0.0,0.0
2024-11-12 03:30:00+00:00,4593.0,0.0,0.0
2024-11-12 03:40:00+00:00,4594.0,0.0,0.0
2024-11-12 03:50:00+00:00,4595.0,0.0,0.0
2024-11-12 04:00:00+00:00,,0.0,0.0
2024-11-12 04:10:00+00:00,4596.0,0.0,0.0
2024-11-12 04:20:00+00:00,4597.0,0.0,0.0
2024-11-12 04:30:00+00:00,4598.0,0.0,0.0
2024-11-12 04:40:00+00:00,4599.0,0.0,0.0
2024-11-12 04:50:00+00:00,,0.0,0.0
2024-11-12 05:00:00+00:00,4600.0,0.0,0.0
2024-11-12 05:10:00+00:00,4601.0,0.0,0.0
2024-11-12 05:20:00+00:00,4602.0,0.0,0.0
2024-11-12 05:30:00+00:00,4603.0,0.0,0.0
2024-11-12 05:40:00+00:00,4604.0,0.0,0.0
2024-11-12 05:50:00+00:00,4605.0,0.0,0.0
2024-11-12 06:00:00+00:00,4606.0,0.0,0.0
2024-11-12 06:10:00+00:00,,0.0,0.0
2024-11-12 06:20:00+00:00,,0.0,0.0
2024-11-12 06:30:00+00:00,4607.0,0.0,0.0
2024-11-12 06:40:00+00:00,,0.0,0.0
2024-11-12 06:50:00+00:00,4608.0,0.0,0.0
2024-11-12 07:00:00+00:00,4609.0,0.0,0.0
2024-11-12 07:10:00+00:00,4610.0,0.0,0.0
2024-11-12 07:20:00+00:00,4611.0,0.0,0.0
2024-11-12 07:30:00+00:00,,0.0,0.0
2024-11-12 07:40:00+00:00,,0.0,0.0
2024-11-12 07:50:00+00:00,,0.0,0.0
2024-11-12 08:00:00+00:00,4612.0,0.0,0.0
2024-11-12 08:10:00+00:00,,0.0,0.0
2024-11-12 08:20:00+00:00,4613.0,0.0,0.0
2024-11-12 08:30:00+00:00,4614.0,0.0,0.0
2024-11-12 08:40:00+00:00,4615.0,0.0,0.0
2024-11-12 08:50:00+00:00,4616.0,0.0,0.0
2024-11-12 09:00:00+00:00,4617.0,0.0,0.0
2024-11-12 09:10:00+00:00,4618.0,0.0,0.0
2024-11-12 09:20:00+00:00,4619.0,0.0,0.0
2024-11-12 09:30:00+00:00,4620.0,0.0,0.0
2024-11-12 09:40:00+00:00,,0.0,0.0
2024-11-12 09:50:00+00:00,4621.0,0.0,0.0
2024-11-12 10:00:00+00:00,4622.0,0.0,0.0
2024-11-12 10:10:00+00:00,4623.0,0.0,0.0
2024-11-12 10:20:00+00:00,4624.0,0.0,0.0
2024-11-12 10:30:00+00:00,4625.0,0.0,0.0
2024-11-12 10:40:00+00:00,4626.0,0.0,0.0
2024-11-12 10:50:00+00:00,,0.0,0.0
2024-11-12 11:00:00+00:00,4627.0,0.0,0.0
2024-11-12 11:10:00+00:00,4628.0,0.0,0.0
2024-11-12 11:20:00+00:00,,0.0,0.0
2024-11-12 11:30:00+00:00,4629.0,0.0,0.0
2024-11-12 11:40:00+00:00,,0.0,0.0
2024-11-12 11:50:00+00:00,4630.0,0.0,0.0
2024-11-12 12:00:00+00:00,4631.0,0.0,0.0
2024-11-12 12:10:00+00:00,4632.0,0.0,0.0
2024-11-12 12:20:00+00:00,4633.0,0.0,0.0
2024-11-12 12:30:00+00:00,4634.0,0.0,0.0
2024-11-12 12:40:00+00:00,4635.0,0.0,0.0
2024-11-12 12:50:00+00:00,,0.0,0.0
2024-11-12 13:00:00+00:00,,0.0,0.0
2024-11-12 13:10:00+00:00,,0.0,0.0
2024-11-12 13:20:00+00:00,4636.0,0.0,0.0
2024-11-12 13:30:00+00:00,,0.0,0.0
2024-11-12 13:40:00+00:00,4637.5,0.0,0.0
2024-11-12 13:50:00+00:00,4639.0,0.0,0.0
2024-11-12 14:00:00+00:00,4640.0,0.0,0.0
2024-11-12 14:10:00+00:00,,0.0,0.0
2024-11-12 14:20:00+00:00,4641.0,0.0,0.0
2024-11-12 14:30:00+00:00,4642.0,0.0,0.0
2024-11-12 14:40:00+00:00,4643.0,0.0,0.0
2024-11-12 14:50:00+00:00,,0.0,0.0
2024-11-12 15:00:00+00:00,4644.0,0.0,0.0
2024-11-12 15:10:00+00:00,4645.0,0.0,0.0
2024-11-12 15:20:00+00:00,4646.0,0.0,0.0
2024-11-12 15:30:00+00:00,4647.0,0.0,0.0
2024-11-12 15:40:00+00:00,4648.0,0.0,0.0
2024-11-12 15:50:00+00:00,4649.0,0.0,0.0
2024-11-12 16:00:00+00:00,,0.0,0.0
2024-11-12 16:10:00+00:00,4650.0,0.0,0.0
2024-11-12 16:20:00+00:00,4651.0,0.0,0.0
2024-11-12 16:30:00+00:00,4652.0,0.0,0.0
2024-11-12 16:40:00+00:00,4653.0,0.0,0.0
2024-11-12 16:50:00+00:00,,0.0,0.0
2024-11-12 17:00:00+00:00,4654.0,0.0,0.0
2024-11-12 17:10:00+00:00,4655.0,0.0,0.0
2024-11-12 17:20:00+00:00,4656.0,0.0,0.0
2024-11-12 17:30:00+00:00,,0.0,0.0
2024-11-12 17:40:00+00:00,4657.0,0.0,0.0
2024-11-12 17:50:00+00:00,4658.0,0.0,0.0
2024-11-12 18:00:00+00:00,4659.0,0.0,0.0
2024-11-12 18:10:00+00:00,4660.0,0.0,0.0
2024-11-12 18:20:00+00:00,4661.0,0.0,0.0
2024-11-12 18:30:00+00:00,,0.0,0.0
2024-11-12 18:40:00+00:00,4662.0,0.0,0.0
2024-11-12 18:50:00+00:00,4663.0,0.0,0.0
2024-11-12 19:00:00+00:00,4664.0,0.0,0.0
2024-11-12 19:10:00+00:00,4665.0,0.0,0.0
2024-11-12 19:20:00+00:00,4666.0,0.0,0.0
2024-11-12 19:30:00+00:00,4667.0,0.0,0.0
2024-11-12 19:40:00+00:00,4668.0,0.0,0.0
2024-11-12 19:50:00+00:00,4669.0,0.0,0.0
2024-11-12 20:00:00+00:00,4670.0,0.0,0.0
2024-11-12 20:10:00+00:00,,0.0,0.0
2024-11-12 20:20:00+00:00,4671.0,0.0,0.0
2024-11-12 20:30:00+00:00,4672.0,0.0,0.0
2024-11-12 20:40:00+00:00,4673.0,0.0,0.0
2024-11-12 20:50:00+00:00,4674.0,0.0,0.0
2024-11-12 21:00:00+00:00,,0.0,0.0
2024-11-12 21:10:00+00:00,4675.0,0.0,0.0
2024-11-12 21:20:00+00:00,4676.0,0.0,0.0
2024-11-12 21:30:00+00:00,4677.0,0.0,0.0
2024-11-12 21:40:00+00:00,4678.0,0.0,0.0
2024-11-12 21:50:00+00:00,4679.0,0.0,0.0
2024-11-12 22:00:00+00:00,4680.0,0.0,0.0
2024-11-12 22:10:00+00:00,4681.0,0.0,0.0
2024-11-12 22:20:00+00:00,4682.0,0.0,0.0
2024-11-12 22:30:00+00:00,,0.0,0.0
2024-11-12 22:40:00+00:00,4683.0,0.0,0.0
2024-11-12 22:50:00+00:00,,0.0,0.0
2024-11-12 23:00:00+00:00,4684.5,0.0,0.0
2024-11-12 23:10:00+00:00,,0.0,0.0
2024-11-12 23:20:00+00:00,4686.0,0.0,0.0
2024-11-12 23:30:00+00:00,4687.0,0.0,0.0
2024-11-12 23:40:00+00:00,,0.0,0.0
2024-11-12 23:50:00+00:00,4688.0,0.0,0.0
2024-11-13 00:00:00+00:00,4689.0,0.0,0.0
2024-11-13 00:10:00+00:00,4690.0,0.0,0.0
2024-11-13 00:20:00+00:00,4691.0,0.0,0.0
2024-11-13 00:30:00+00:00,4692.0,0.0,0.0
2024-11-13 00:40:00+00:00,4693.0,0.0,0.0
2024-11-13 00:50:00+00:00,,0.0,0.0
2024-11-13 01:00:00+00:00,4694.0,0.0,0.0
2024-11-13 01:10:00+00:00,4695.0,0.0,0.0
2024-11-13 01:20:00+00:00,,0.0,0.0
2024-11-13 01:30:00+00:00,4696.0,0.0,0.0
2024-11-13 01:40:00+00:00,4697.0,0.0,0.0
2024-11-13 01:50:00+00:00,4698.0,0.0,0.0
2024-11-13 02:00:00+00:00,4699.5,0.0,0.0
2024-11-13 02:10:00+00:00,,0.0,0.0
2024-11-13 02:20:00+00:00,4701.0,0.0,0.0
2024-11-13 02:30:00+00:00,,0.0,0.0
2024-11-13 02:40:00+00:00,4702.0,0.0,0.0
2024-11-13 02:50:00+00:00,4703.0,0.0,0.0
2024-11-13 03:00:00+00:00,4704.0,0.0,0.0
2024-11-13 03:10:00+00:00,4705.0,0.0,0.0
2024-11-13 03:20:00+00:00,4706.0,0.0,0.0
2024-11-13 03:30:00+00:00,,0.0,0.0
2024-11-13 03:40:00+00:00,4707.5,0.0,0.0
2024-11-13 03:50:00+00:00,4709.0,0.0,0.0
2024-11-13 04:00:00+00:00,,0.0,0.0
2024-11-13 04:10:00+00:00,,0.0,0.0
2024-11-13 04:20:00+00:00,4710.0,0.0,0.0
2024-11-13 04:30:00+00:00,4711.5,0.0,0.0
2024-11-13 04:40:00+00:00,,0.0,0.0
2024-11-13 04:50:00+00:00,4713.0,0.0,0.0
2024-11-13 05:00:00+00:00,4714.0,0.0,0.0
2024-11-13 05:10:00+00:00,,0.0,0.0
2024-11-13 05:20:00+00:00,4715.5,0.0,0.0
2024-11-13 05:30:00+00:00,4717.0,0.0,0.0
2024-11-13 05:40:00+00:00,,0.0,0.0
2024-11-13 05:50:00+00:00,4718.0,0.0,0.0
2024-11-13 06:00:00+00:00,4719.0,0.0,0.0
2024-11-13 06:10:00+00:00,4720.0,0.0,0.0
2024-11-13 06:20:00+00:00,4721.0,0.0,0.0
2024-11-13 06:30:00+00:00,4722.0,0.0,0.0
2024-11-13 06:40:00+00:00,4723.0,0.0,0.0
2024-11-13 06:50:00+00:00,,0.0,0.0
2024-11-13 07:00:00+00:00,4724.0,0.0,0.0
2024-11-13 07:10:00+00:00,4725.0,0.0,0.0
2024-11-13 07:20:00+00:00,4726.5,0.0,0.0
2024-11-13 07:30:00+00:00,4728.0,0.0,0.0
2024-11-13 07:40:00+00:00,4729.0,0.0,0.0
2024-11-13 07:50:00+00:00,4730.0,0.0,0.0
2024-11-13 08:00:00+00:00,4731.0,0.0,0.0
2024-11-13 08:10:00+00:00,4732.0,0.0,0.0
2024-11-13 08:20:00+00:00,4733.0,0.0,0.0
2024-11-13 08:30:00+00:00,4734.0,0.0,0.0
2024-11-13 08:40:00+00:00,4735.0,0.0,0.0
2024-11-13 08:50:00+00:00,,0.0,0.0
2024-11-13 09:00:00+00:00,4736.5,0.0,0.0
2024-11-13 09:10:00+00:00,4738.0,0.0,0.0
2024-11-13 09:20:00+00:00,4739.0,0.0,0.0
2024-11-13 09:30:00+00:00,4740.0,0.0,0.0
2024-11-13 09:40:00+00:00,4741.0,0.0,0.0
2024-11-13 09:50:00+00:00,4742.0,0.0,0.0
2024-11-13 10:00:00+00:00,,0.0,0.0
2024-11-13 10:10:00+00:00,4743.0,0.0,0.0
2024-11-13 10:20:00+00:00,4744.0,0.0,0.0
2024-11-13 10:30:00+00:00,4745.0,0.0,0.0
2024-11-13 10:40:00+00:00,4746.0,0.0,0.0
2024-11-13 10:50:00+00:00,4747.0,0.0,0.0
2024-11-13 11:00:00+00:00,,0.0,0.0
2024-11-13 11:10:00+00:00,4748.0,0.0,0.0
2024-11-13 11:20:00+00:00,4749.0,0.0,0.0
2024-11-13 11:30:00+00:00,4750.0,0.0,0.0
2024-11-13 11:40:00+00:00,4751.0,0.0,0.0
2024-11-13 11:50:00+00:00,4752.0,0.0,0.0
2024-11-13 12:00:00+00:00,,0.0,0.0
2024-11-13 12:10:00+00:00,4753.5,0.0,0.0
2024-11-13 12:20:00+00:00,,0.0,0.0
2024-11-13 12:30:00+00:00,4755.0,0.0,0.0
2024-11-13 12:40:00+00:00,4756.0,0.0,0.0
2024-11-13 12:50:00+00:00,4757.0,0.0,0.0
2024-11-13 13:00:00+00:00,4758.0,0.0,0.0
2024-11-13 13:10:00+00:00,4759.0,0.0,0.0
2024-11-13 13:20:00+00:00,4760.0,0.0,0.0
2024-11-13 13:30:00+00:00,,0.0,0.0
2024-11-13 13:40:00+00:00,4761.0,0.0,0.0
2024-11-13 13:50:00+00:00,4762.0,0.0,0.0
2024-11-13 14:00:00+00:00,4763.0,0.0,0.0
2024-11-13 14:10:00+00:00,4764.0,0.0,0.0
2024-11-13 14:20:00+00:00,4765.0,0.0,0.0
2024-11-13 14:30:00+00:00,4766.0,0.0,0.0
2024-11-13 14:40:00+00:00,4767.0,0.0,0.0
2024-11-13 14:50:00+00:00,4768.0,0.0,0.0
2024-11-13 15:00:00+00:00,,0.0,0.0
2024-11-13 15:10:00+00:00,4769.0,0.0,0.0
2024-11-13 15:20:00+00:00,4770.0,0.0,0.0
2024-11-13 15:30:00+00:00,4771.0,0.0,0.0
2024-11-13 15:40:00+00:00,4772.0,0.0,0.0
2024-11-13 15:50:00+00:00,4773.0,0.0,0.0
2024-11-13 16:00:00+00:00,4774.0,0.0,0.0
2024-11-13 16:10:00+00:00,4775.0,0.0,0.0
2024-11-13 16:20:00+00:00,,0.0,0.0
2024-11-13 16:30:00+00:00,4776.0,0.0,0.0
2024-11-13 16:40:00+00:00,4777.0,0.0,0.0
2024-11-13 16:50:00+00:00,4778.0,0.0,0.0
2024-11-13 17:00:00+00:00,4779.0,0.0,0.0
2024-11-13 17:10:00+00:00,4780.0,0.0,0.0
2024-11-13 17:20:00+00:00,4781.0,0.0,0.0
2024-11-13 17:30:00+00:00,4782.0,0.0,0.0
2024-11-13 17:40:00+00:00,,0.0,0.0
2024-11-13 17:50:00+00:00,4783.0,0.0,0.0
2024-11-13 18:00:00+00:00,4784.0,0.0,0.0
2024-11-13 18:10:00+00:00,,0.0,0.0
2024-11-13 18:20:00+00:00,,0.0,0.0
2024-11-13 18:30:00+00:00,4785.0,0.0,0.0
2024-11-13 18:40:00+00:00,,0.0,0.0
2024-11-13 18:50:00+00:00,4786.0,0.0,0.0
2024-11-13 19:00:00+00:00,,0.0,0.0
2024-11-13 19:10:00+00:00,4787.0,0.0,0.0
2024-11-13 19:20:00+00:00,4788.0,0.0,0.0
2024-11-13 19:30:00+00:00,4789.0,0.0,0.0
2024-11-13 19:40:00+00:00,4790.0,0.0,0.0
2024-11-13 19:50:00+00:00,4791.0,0.0,0.0
2024-11-13 20:00:00+00:00,,0.0,0.0
2024-11-13 20:10:00+00:00,4792.0,0.0,0.0
2024-11-13 20:20:00+00:00,4793.0,0.0,0.0
2024-11-13 20:30:00+00:00,4794.0,0.0,0.0
2024-11-13 20:40:00+00:00,4795.0,0.0,0.0
2024-11-13 20:50:00+00:00,4796.0,0.0,0.0
2024-11-13 21:00:00+00:00,4797.0,0.0,0.0
2024-11-13 21:10:00+00:00,4798.0,0.0,0.0
2024-11-13 21:20:00+00:00,4799.0,0.0,0.0
2024-11-13 21:30:00+00:00,,0.0,0.0
2024-11-13 21:40:00+00:00,4800.0,0.0,0.0
2024-11-13 21:50:00+00:00,4801.0,0.0,0.0
2024-11-13 22:00:00+00:00,4802.0,0.0,0.0
2024-11-13 22:10:00+00:00,4803.0,0.0,0.0
2024-11-13 22:20:00+00:00,4804.0,0.0,0.0
2024-11-13 22:30:00+00:00,4805.0,0.0,0.0
2024-11-13 22:40:00+00:00,4806.0,0.0,0.0
2024-11-13 22:50:00+00:00,4807.0,0.0,0.0
2024-11-13 23:00:00+00:00,,0.0,0.0
2024-11-13 23:10:00+00:00,4808.0,0.0,0.0
2024-11-13 23:20:00+00:00,4809.0,0.0,0.0
2024-11-13 23:30:00+00:00,4810.0,0.0,0.0
2024-11-13 23:40:00+00:00,4811.0,0.0,0.0
2024-11-13 23:50:00+00:00,4812.0,0.0,0.0
2024-11-14 00:00:00+00:00,4813.0,0.0,0.0
2024-11-14 00:10:00+00:00,4814.0,0.0,0.0
2024-11-14 00:20:00+00:00,,0.0,0.0
2024-11-14 00:30:00+00:00,4815.0,0.0,0.0
2024-11-14 00:40:00+00:00,4816.0,0.0,0.0
2024-11-14 00:50:00+00:00,4817.0,0.0,0.0
2024-11-14 01:00:00+00:00,4818.0,0.0,0.0
2024-11-14 01:10:00+00:00,4819.0,0.0,0.0
2024-11-14 01:20:00+00:00,4820.0,0.0,0.0
2024-11-14 01:30:00+00:00,,0.0,0.0
2024-11-14 01:40:00+00:00,4821.0,0.0,0.0
2024-11-14 01:50:00+00:00,4822.0,0.0,0.0
2024-11-14 02:00:00+00:00,4823.0,0.0,0.0
2024-11-14 02:10:00+00:00,4824.0,0.0,0.0
2024-11-14 02:20:00+00:00,4825.0,0.0,0.0
2024-11-14 02:30:00+00:00,4826.0,0.0,0.0
2024-11-14 02:40:00+00:00,4827.0,0.0,0.0
2024-11-14 02:50:00+00:00,,0.0,0.0
2024-11-14 03:00:00+00:00,4828.0,0.0,0.0
2024-11-14 03:10:00+00:00,4829.5,0.0,0.0
2024-11-14 03:20:00+00:00,4831.0,0.0,0.0
2024-11-14 03:30:00+00:00,,0.0,0.0
2024-11-14 03:40:00+00:00,,0.0,0.0
2024-11-14 03:50:00+00:00,4832.0,0.0,0.0
2024-11-14 04:00:00+00:00,,0.0,0.0
2024-11-14 04:10:00+00:00,,0.0,0.0
2024-11-14 04:20:00+00:00,,0.0,0.0
2024-11-14 04:30:00+00:00,,0.0,0.0
2024-11-14 04:40:00+00:00,,0.0,0.0
2024-11-14 04:50:00+00:00,,0.0,0.0
2024-11-14 05:00:00+00:00,4833.5,0.0,0.0
2024-11-14 05:10:00+00:00,,0.0,0.0
2024-11-14 05:20:00+00:00,,0.0,0.0
2024-11-14 05:30:00+00:00,,0.0,0.0
2024-11-14 05:40:00+00:00,,0.0,0.0
2024-11-14 05:50:00+00:00,,0.0,0.0
2024-11-14 06:00:00+00:00,4835.0,0.0,0.0
2024-11-14 06:10:00+00:00,4836.0,0.0,0.0
2024-11-14 06:20:00+00:00,,0.0,0.0
2024-11-14 06:30:00+00:00,4837.0,0.0,0.0
2024-11-14 06:40:00+00:00,,0.0,0.0
2024-11-14 06:50:00+00:00,4838.0,0.0,0.0
2024-11-14 07:00:00+00:00,4840.0,0.0,0.0
2024-11-14 07:10:00+00:00,,0.0,0.0
2024-11-14 07:20:00+00:00,4842.0,0.0,0.0
2024-11-14 07:30:00+00:00,4843.0,0.0,0.0
2024-11-14 07:40:00+00:00,,0.0,0.0
2024-11-14 07:50:00+00:00,4844.0,0.0,0.0
2024-11-14 08:00:00+00:00,4845.5,0.0,0.0
2024-11-14 08:10:00+00:00,4847.0,0.0,0.0
2024-11-14 08:20:00+00:00,4848.0,0.0,0.0
2024-11-14 08:30:00+00:00,,0.0,0.0
2024-11-14 08:40:00+00:00,4849.0,0.0,0.0
2024-11-14 08:50:00+00:00,4850.5,0.0,0.0
2024-11-14 09:00:00+00:00,,0.0,0.0
2024-11-14 09:10:00+00:00,4852.0,0.0,0.0
2024-11-14 09:20:00+00:00,,0.0,0.0
2024-11-14 09:30:00+00:00,4853.0,0.0,0.0
2024-11-14 09:40:00+00:00,,0.0,0.0
2024-11-14 09:50:00+00:00,4854.0,0.0,0.0
2024-11-14 10:00:00+00:00,4855.0,0.0,0.0
2024-11-14 10:10:00+00:00,,0.0,0.0
2024-11-14 10:20:00+00:00,4856.5,0.0,0.0
2024-11-14 10:30:00+00:00,4858.0,0.0,0.0
2024-11-14 10:40:00+00:00,4859.0,0.0,0.0
2024-11-14 10:50:00+00:00,4860.0,0.0,0.0
2024-11-14 11:00:00+00:00,,0.0,0.0
2024-11-14 11:10:00+00:00,4861.0,0.0,0.0
2024-11-14 11:20:00+00:00,4862.0,0.0,0.0
2024-11-14 11:30:00+00:00,4863.0,0.0,0.0
2024-11-14 11:40:00+00:00,4864.0,0.0,0.0
2024-11-14 11:50:00+00:00,4865.0,0.0,0.0
2024-11-14 12:00:00+00:00,4866.0,0.0,0.0
2024-11-14 12:10:00+00:00,,0.0,0.0
2024-11-14 12:20:00+00:00,4867.0,0.0,0.0
2024-11-14 12:30:00+00:00,4868.0,0.0,0.0
2024-11-14 12:40:00+00:00,4869.0,0.0,0.0
2024-11-14 12:50:00+00:00,4870.0,0.0,0.0
2024-11-14 13:00:00+00:00,4871.0,0.0,0.0
2024-11-14 13:10:00+00:00,,0.0,0.0
2024-11-14 13:20:00+00:00,,0.0,0.0
2024-11-14 13:30:00+00:00,,0.0,0.0
2024-11-14 13:40:00+00:00,4872.0,0.0,0.0
2024-11-14 13:50:00+00:00,,0.0,0.0
2024-11-14 14:00:00+00:00,4873.0,0.0,0.0
2024-11-14 14:10:00+00:00,4875.0,0.0,0.0
2024-11-14 14:20:00+00:00,,0.0,0.0
2024-11-14 14:30:00+00:00,,0.0,0.0
2024-11-14 14:40:00+00:00,,0.0,0.0
2024-11-14 14:50:00+00:00,4877.5,0.0,0.0
2024-11-14 15:00:00+00:00,,0.0,0.0
2024-11-14 15:10:00+00:00,4879.0,0.0,0.0
2024-11-14 15:20:00+00:00,4880.0,0.0,0.0
2024-11-14 15:30:00+00:00,4881.0,0.0,0.0
2024-11-14 15:40:00+00:00,4882.0,0.0,0.0
2024-11-14 15:50:00+00:00,4883.0,0.0,0.0
2024-11-14 16:00:00+00:00,4884.0,0.0,0.0
2024-11-14 16:10:00+00:00,4885.0,0.0,0.0
2024-11-14 16:20:00+00:00,4886.0,0.0,0.0
2024-11-14 16:30:00+00:00,,0.0,0.0
2024-11-14 16:40:00+00:00,4887.0,0.0,0.0
2024-11-14 16:50:00+00:00,4888.0,0.0,0.0
2024-11-14 17:00:00+00:00,4889.0,0.0,0.0
2024-11-14 17:10:00+00:00,4890.0,0.0,0.0
2024-11-14 17:20:00+00:00,4891.0,0.0,0.0
2024-11-14 17:30:00+00:00,4892.0,0.0,0.0
2024-11-14 17:40:00+00:00,4893.0,0.0,0.0
2024-11-14 17:50:00+00:00,,0.0,0.0
2024-11-14 18:00:00+00:00,4894.0,0.0,0.0
2024-11-14 18:10:00+00:00,4895.0,0.0,0.0
2024-11-14 18:20:00+00:00,4896.0,0.0,0.0
2024-11-14 18:30:00+00:00,4897.0,0.0,0.0
2024-11-14 18:40:00+00:00,4898.0,0.0,0.0
2024-11-14 18:50:00+00:00,4899.0,0.0,0.0
2024-11-14 19:00:00+00:00,4900.0,0.0,0.0
2024-11-14 19:10:00+00:00,4901.0,0.0,0.0
2024-11-14 19:20:00+00:00,,0.0,0.0
2024-11-14 19:30:00+00:00,4902.0,0.0,0.0
2024-11-14 19:40:00+00:00,4903.0,0.0,0.0
2024-11-14 19:50:00+00:00,4904.0,0.0,0.0
2024-11-14 20:00:00+00:00,4905.0,0.0,0.0
2024-11-14 20:10:00+00:00,4906.0,0.0,0.0
2024-11-14 20:20:00+00:00,4907.0,0.0,0.0
2024-11-14 20:30:00+00:00,4908.0,0.0,0.0
2024-11-14 20:40:00+00:00,4909.0,0.0,0.0
2024-11-14 20:50:00+00:00,,0.0,0.0
2024-11-14 21:00:00+00:00,4910.0,0.0,0.0
2024-11-14 21:10:00+00:00,4911.0,0.0,0.0
2024-11-14 21:20:00+00:00,4912.0,0.0,0.0
2024-11-14 21:30:00+00:00,4913.0,0.0,0.0
2024-11-14 21:40:00+00:00,,0.0,0.0
2024-11-14 21:50:00+00:00,4914.0,0.0,0.0
2024-11-14 22:00:00+00:00,4915.0,0.0,0.0
2024-11-14 22:10:00+00:00,4916.0,0.0,0.0
2024-11-14 22:20:00+00:00,4917.0,0.0,0.0
2024-11-14 22:30:00+00:00,4918.0,0.0,0.0
2024-11-14 22:40:00+00:00,4919.0,0.0,0.0
2024-11-14 22:50:00+00:00,,0.0,0.0
2024-11-14 23:00:00+00:00,4920.0,0.0,0.0
2024-11-14 23:10:00+00:00,4921.0,0.0,0.0
2024-11-14 23:20:00+00:00,4922.0,0.0,0.0
2024-11-14 23:30:00+00:00,4923.0,0.0,0.0
2024-11-14 23:40:00+00:00,4924.0,0.0,0.0
2024-11-14 23:50:00+00:00,4925.0,0.0,0.0
2024-11-15 00:00:00+00:00,4926.0,0.0,0.0
2024-11-15 00:10:00+00:00,,0.0,0.0
2024-11-15 00:20:00+00:00,4927.0,0.0,0.0
2024-11-15 00:30:00+00:00,4928.0,0.0,0.0
2024-11-15 00:40:00+00:00,4929.0,0.0,0.0
2024-11-15 00:50:00+00:00,4930.0,0.0,0.0
2024-11-15 01:00:00+00:00,4931.0,0.0,0.0
2024-11-15 01:10:00+00:00,4932.0,0.0,0.0
2024-11-15 01:20:00+00:00,,0.0,0.0
2024-11-15 01:30:00+00:00,4933.0,0.0,0.0
2024-11-15 01:40:00+00:00,4934.0,0.0,0.0
2024-11-15 01:50:00+00:00,4935.0,0.0,0.0
2024-11-15 02:00:00+00:00,,0.0,0.0
2024-11-15 02:10:00+00:00,,0.0,0.0
2024-11-15 02:20:00+00:00,4936.0,0.0,0.0
2024-11-15 02:30:00+00:00,4937.0,0.0,0.0
2024-11-15 02:40:00+00:00,4938.0,0.0,0.0
2024-11-15 02:50:00+00:00,,0.0,0.0
2024-11-15 03:00:00+00:00,4939.0,0.0,0.0
2024-11-15 03:10:00+00:00,,0.0,0.0
2024-11-15 03:20:00+00:00,,0.0,0.0
2024-11-15 03:30:00+00:00,4940.0,0.0,0.0
2024-11-15 03:40:00+00:00,,0.0,0.0
2024-11-15 03:50:00+00:00,,0.0,0.0
2024-11-15 04:00:00+00:00,4941.0,0.0,0.0
2024-11-15 04:10:00+00:00,,0.0,0.0
2024-11-15 04:20:00+00:00,,0.0,0.0
2024-11-15 04:30:00+00:00,4942.0,0.0,0.0
2024-11-15 04:40:00+00:00,,0.0,0.0
2024-11-15 04:50:00+00:00,,0.0,0.0
2024-11-15 05:00:00+00:00,4943.0,0.0,0.0
2024-11-15 05:10:00+00:00,,0.0,0.0
2024-11-15 05:20:00+00:00,4944.0,0.0,0.0
2024-11-15 05:30:00+00:00,,0.0,0.0
2024-11-15 05:40:00+00:00,4945.0,0.0,0.0
2024-11-15 05:50:00+00:00,,0.0,0.0
2024-11-15 06:00:00+00:00,4946.0,0.0,0.0
2024-11-15 06:10:00+00:00,4947.0,0.0,0.0
2024-11-15 06:20:00+00:00,,0.0,0.0
2024-11-15 06:30:00+00:00,4948.0,0.0,0.0
2024-11-15 06:40:00+00:00,,0.0,0.0
2024-11-15 06:50:00+00:00,4949.0,0.0,0.0
2024-11-15 07:00:00+00:00,4950.0,0.0,0.0
2024-11-15 07:10:00+00:00,4951.0,0.0,0.0
2024-11-15 07:20:00+00:00,4952.0,0.0,0.0
2024-11-15 07:30:00+00:00,4953.0,0.0,0.0
2024-11-15 07:40:00+00:00,,0.0,0.0
2024-11-15 07:50:00+00:00,4954.0,0.0,0.0
2024-11-15 08:00:00+00:00,4955.5,0.0,0.0
2024-11-15 08:10:00+00:00,,0.0,0.0
2024-11-15 08:20:00+00:00,4957.0,0.0,0.0
2024-11-15 08:30:00+00:00,4958.0,0.0,0.0
2024-11-15 08:40:00+00:00,4959.0,0.0,0.0
2024-11-15 08:50:00+00:00,4960.0,0.0,0.0
2024-11-15 09:00:00+00:00,4961.5,0.0,0.0
2024-11-15 09:10:00+00:00,4963.5,0.0,0.0
2024-11-15 09:20:00+00:00,4965.0,0.0,0.0
2024-11-15 09:30:00+00:00,4966.0,0.0,0.0
2024-11-15 09:40:00+00:00,4967.0,0.0,0.0
2024-11-15 09:50:00+00:00,4968.5,0.0,0.0
2024-11-15 10:00:00+00:00,4970.0,0.0,0.0
2024-11-15 10:10:00+00:00,4971.0,0.0,0.0
2024-11-15 10:20:00+00:00,4972.0,0.0,0.0
2024-11-15 10:30:00+00:00,,0.0,0.0
2024-11-15 10:40:00+00:00,4973.0,0.0,0.0
2024-11-15 10:50:00+00:00,4974.0,0.0,0.0
2024-11-15 11:00:00+00:00,4975.0,0.0,0.0
2024-11-15 11:10:00+00:00,4976.0,0.0,0.0
2024-11-15 11:20:00+00:00,4977.5,0.0,0.0
2024-11-15 11:30:00+00:00,4979.0,0.0,0.0
2024-11-15 11:40:00+00:00,4980.0,0.0,0.0
2024-11-15 11:50:00+00:00,4981.0,0.0,0.0
2024-11-15 12:00:00+00:00,4982.0,0.0,0.0
2024-11-15 12:10:00+00:00,4983.0,0.0,0.0
2024-11-15 12:20:00+00:00,,0.0,0.0
2024-11-15 12:30:00+00:00,,0.0,0.0
2024-11-15 12:40:00+00:00,4984.5,0.0,0.0
2024-11-15 12:50:00+00:00,4986.0,0.0,0.0
2024-11-15 13:00:00+00:00,4987.0,0.0,0.0
2024-11-15 13:10:00+00:00,4988.0,0.0,0.0
2024-11-15 13:20:00+00:00,4989.0,0.0,0.0
2024-11-15 13:30:00+00:00,4990.0,0.0,0.0
2024-11-15 13:40:00+00:00,,0.0,0.0
2024-11-15 13:50:00+00:00,4991.0,0.0,0.0
2024-11-15 14:00:00+00:00,4992.0,0.0,0.0
2024-11-15 14:10:00+00:00,4993.0,0.0,0.0
2024-11-15 14:20:00+00:00,4994.0,0.0,0.0
2024-11-15 14:30:00+00:00,,0.0,0.0
2024-11-15 14:40:00+00:00,4995.0,0.0,0.0
2024-11-15 14:50:00+00:00,4996.0,0.0,0.0
2024-11-15 15:00:00+00:00,4997.0,0.0,0.0
2024-11-15 15:10:00+00:00,4998.0,0.0,0.0
2024-11-15 15:20:00+00:00,4999.0,0.0,0.0
2024-11-15 15:30:00+00:00,5000.0,0.0,0.0
2024-11-15 15:40:00+00:00,5001.0,0.0,0.0
2024-11-15 15:50:00+00:00,5002.0,0.0,0.0
2024-11-15 16:00:00+00:00,,0.0,0.0
2024-11-15 16:10:00+00:00,5003.0,0.0,0.0
2024-11-15 16:20:00+00:00,5004.0,0.0,0.0
2024-11-15 16:30:00+00:00,,0.0,0.0
2024-11-15 16:40:00+00:00,5005.0,0.0,0.0
2024-11-15 16:50:00+00:00,5006.0,0.0,0.0
2024-11-15 17:00:00+00:00,5007.0,0.0,0.0
2024-11-15 17:10:00+00:00,5008.0,0.0,0.0
2024-11-15 17:20:00+00:00,5009.0,0.0,0.0
2024-11-15 17:30:00+00:00,,0.0,0.0
2024-11-15 17:40:00+00:00,5010.0,0.0,0.0
2024-11-15 17:50:00+00:00,5011.0,0.0,0.0
2024-11-15 18:00:00+00:00,5012.0,0.0,0.0
2024-11-15 18:10:00+00:00,5013.0,0.0,0.0
2024-11-15 18:20:00+00:00,5014.0,0.0,0.0
2024-11-15 18:30:00+00:00,5015.0,0.0,0.0
2024-11-15 18:40:00+00:00,5016.0,0.0,0.0
2024-11-15 18:50:00+00:00,,0.0,0.0
2024-11-15 19:00:00+00:00,5017.0,0.0,0.0
2024-11-15 19:10:00+00:00,5018.0,0.0,0.0
2024-11-15 19:20:00+00:00,5019.0,0.0,0.0
2024-11-15 19:30:00+00:00,5020.0,0.0,0.0
2024-11-15 19:40:00+00:00,5021.0,0.0,0.0
2024-11-15 19:50:00+00:00,5022.0,0.0,0.0
2024-11-15 20:00:00+00:00,5023.0,0.0,0.0
2024-11-15 20:10:00+00:00,5024.0,0.0,0.0
2024-11-15 20:20:00+00:00,,0.0,0.0
2024-11-15 20:30:00+00:00,5025.5,0.0,0.0
2024-11-15 20:40:00+00:00,5027.0,0.0,0.0
2024-11-15 20:50:00+00:00,5028.0,0.0,0.0
2024-11-15 21:00:00+00:00,5029.0,0.0,0.0
2024-11-15 21:10:00+00:00,5030.0,0.0,0.0
2024-11-15 21:20:00+00:00,5031.0,0.0,0.0
2024-11-15 21:30:00+00:00,,0.0,0.0
2024-11-15 21:40:00+00:00,5032.0,0.0,0.0
2024-11-15 21:50:00+00:00,5033.0,0.0,0.0
2024-11-15 22:00:00+00:00,5034.0,0.0,0.0
2024-11-15 22:10:00+00:00,5035.0,0.0,0.0
2024-11-15 22:20:00+00:00,5036.0,0.0,0.0
2024-11-15 22:30:00+00:00,5037.0,0.0,0.0
2024-11-15 22:40:00+00:00,5038.0,0.0,0.0
2024-11-15 22:50:00+00:00,,0.0,0.0
2024-11-15 23:00:00+00:00,5039.0,0.0,0.0
2024-11-15 23:10:00+00:00,5040.0,0.0,0.0
2024-11-15 23:20:00+00:00,5041.0,0.0,0.0
2024-11-15 23:30:00+00:00,5042.0,0.0,0.0
2024-11-15 23:40:00+00:00,5043.0,0.0,0.0
2024-11-15 23:50:00+00:00,5044.0,0.0,0.0
2024-11-16 00:00:00+00:00,5045.0,0.0,0.0
2024-11-16 00:10:00+00:00,,0.0,0.0
2024-11-16 00:20:00+00:00,5046.0,0.0,0.0
2024-11-16 00:30:00+00:00,5047.0,0.0,0.0
2024-11-16 00:40:00+00:00,5048.0,0.0,0.0
2024-11-16 00:50:00+00:00,5049.0,0.0,0.0
2024-11-16 01:00:00+00:00,5050.0,0.0,0.0
2024-11-16 01:10:00+00:00,5051.0,0.0,0.0
2024-11-16 01:20:00+00:00,5052.0,0.0,0.0
2024-11-16 01:30:00+00:00,5053.0,0.0,0.0
2024-11-16 01:40:00+00:00,,0.0,0.0
2024-11-16 01:50:00+00:00,5054.0,0.0,0.0
2024-11-16 02:00:00+00:00,5055.0,0.0,0.0
2024-11-16 02:10:00+00:00,5056.0,0.0,0.0
2024-11-16 02:20:00+00:00,5057.0,0.0,0.0
2024-11-16 02:30:00+00:00,5058.0,0.0,0.0
2024-11-16 02:40:00+00:00,5059.0,0.0,0.0
2024-11-16 02:50:00+00:00,5060.0,0.0,0.0
2024-11-16 03:00:00+00:00,5061.0,0.0,0.0
2024-11-16 03:10:00+00:00,,0.0,0.0
2024-11-16 03:20:00+00:00,5062.0,0.0,0.0
2024-11-16 03:30:00+00:00,5063.0,0.0,0.0
2024-11-16 03:40:00+00:00,5064.0,0.0,0.0
2024-11-16 03:50:00+00:00,5065.0,0.0,0.0
2024-11-16 04:00:00+00:00,5066.0,0.0,0.0
2024-11-16 04:10:00+00:00,,0.0,0.0
2024-11-16 04:20:00+00:00,5067.0,0.0,0.0
2024-11-16 04:30:00+00:00,5068.0,0.0,0.0
2024-11-16 04:40:00+00:00,5069.0,0.0,0.0
2024-11-16 04:50:00+00:00,5070.0,0.0,0.0
2024-11-16 05:00:00+00:00,5071.0,0.0,0.0
2024-11-16 05:10:00+00:00,,0.0,0.0
2024-11-16 05:20:00+00:00,,0.0,0.0
2024-11-16 05:30:00+00:00,5072.0,0.0,0.0
2024-11-16 05:40:00+00:00,5073.0,0.0,0.0
2024-11-16 05:50:00+00:00,5074.0,0.0,0.0
2024-11-16 06:00:00+00:00,,0.0,0.0
2024-11-16 06:10:00+00:00,5075.0,0.0,0.0
2024-11-16 06:20:00+00:00,5076.0,0.0,0.0
2024-11-16 06:30:00+00:00,5077.0,0.0,0.0
2024-11-16 06:40:00+00:00,5078.0,0.0,0.0
2024-11-16 06:50:00+00:00,,0.0,0.0
2024-11-16 07:00:00+00:00,5079.0,0.0,0.0
2024-11-16 07:10:00+00:00,5080.0,0.0,0.0
2024-11-16 07:20:00+00:00,5081.0,0.0,0.0
2024-11-16 07:30:00+00:00,5082.0,0.0,0.0
2024-11-16 07:40:00+00:00,5083.0,0.0,0.0
2024-11-16 07:50:00+00:00,5084.0,0.0,0.0
2024-11-16 08:00:00+00:00,5085.0,0.0,0.0
2024-11-16 08:10:00+00:00,,0.0,0.0
2024-11-16 08:20:00+00:00,5086.0,0.0,0.0
2024-11-16 08:30:00+00:00,5087.0,0.0,0.0
2024-11-16 08:40:00+00:00,5088.0,0.0,0.0
2024-11-16 08:50:00+00:00,5089.0,0.0,0.0
2024-11-16 09:00:00+00:00,5090.0,0.0,0.0
2024-11-16 09:10:00+00:00,5091.0,0.0,0.0
2024-11-16 09:20:00+00:00,5092.0,0.0,0.0
2024-11-16 09:30:00+00:00,,0.0,0.0
2024-11-16 09:40:00+00:00,5093.0,0.0,0.0
2024-11-16 09:50:00+00:00,5094.0,0.0,0.0
2024-11-16 10:00:00+00:00,5095.0,0.0,0.0
2024-11-16 10:10:00+00:00,5096.5,0.0,0.0
2024-11-16 10:20:00+00:00,5098.0,0.0,0.0
2024-11-16 10:30:00+00:00,5099.0,0.0,0.0
2024-11-16 10:40:00+00:00,,0.0,0.0
2024-11-16 10:50:00+00:00,5100.0,0.0,0.0
2024-11-16 11:00:00+00:00,5101.0,0.0,0.0
2024-11-16 11:10:00+00:00,5102.0,0.0,0.0
2024-11-16 11:20:00+00:00,5103.0,0.0,0.0
2024-11-16 11:30:00+00:00,5104.0,0.0,0.0
2024-11-16 11:40:00+00:00,5105.0,0.0,0.0
2024-11-16 11:50:00+00:00,5106.0,0.0,0.0
2024-11-16 12:00:00+00:00,,0.0,0.0
2024-11-16 12:10:00+00:00,,0.0,0.0
2024-11-16 12:20:00+00:00,5107.0,0.0,0.0
2024-11-16 12:30:00+00:00,5108.0,0.0,0.0
2024-11-16 12:40:00+00:00,,0.0,0.0
2024-11-16 12:50:00+00:00,,0.0,0.0
2024-11-16 13:00:00+00:00,5109.0,0.0,0.0
2024-11-16 13:10:00+00:00,,0.0,0.0
2024-11-16 13:20:00+00:00,5110.0,0.0,0.0
2024-11-16 13:30:00+00:00,5111.0,0.0,0.0
2024-11-16 13:40:00+00:00,5112.0,0.0,0.0
2024-11-16 13:50:00+00:00,5113.0,0.0,0.0
2024-11-16 14:00:00+00:00,,0.0,0.0
2024-11-16 14:10:00+00:00,5114.0,0.0,0.0
2024-11-16 14:20:00+00:00,5115.0,0.0,0.0
2024-11-16 14:30:00+00:00,5116.0,0.0,0.0
2024-11-16 14:40:00+00:00,5117.0,0.0,0.0
2024-11-16 14:50:00+00:00,5118.0,0.0,0.0
2024-11-16 15:00:00+00:00,5119.0,0.0,0.0
2024-11-16 15:10:00+00:00,5120.0,0.0,0.0
2024-11-16 15:20:00+00:00,,0.0,0.0
2024-11-16 15:30:00+00:00,5121.0,0.0,0.0
2024-11-16 15:40:00+00:00,5122.0,0.0,0.0
2024-11-16 15:50:00+00:00,5123.0,0.0,0.0
2024-11-16 16:00:00+00:00,5124.0,0.0,0.0
2024-11-16 16:10:00+00:00,5125.0,0.0,0.0
2024-11-16 16:20:00+00:00,,0.0,0.0
2024-11-16 16:30:00+00:00,5126.0,0.0,0.0
2024-11-16 16:40:00+00:00,5127.0,0.0,0.0
2024-11-16 16:50:00+00:00,5128.0,0.0,0.0
2024-11-16 17:00:00+00:00,5129.0,0.0,0.0
2024-11-16 17:10:00+00:00,,0.0,0.0
2024-11-16 17:20:00+00:00,5130.0,0.0,0.0
2024-11-16 17:30:00+00:00,5131.0,0.0,0.0
2024-11-16 17:40:00+00:00,5132.0,0.0,0.0
2024-11-16 17:50:00+00:00,5133.0,0.0,0.0
2024-11-16 18:00:00+00:00,5134.0,0.0,0.0
2024-11-16 18:10:00+00:00,5135.0,0.0,0.0
2024-11-16 18:20:00+00:00,5136.0,0.0,0.0
2024-11-16 18:30:00+00:00,,0.0,0.0
2024-11-16 18:40:00+00:00,5137.0,0.0,0.0
2024-11-16 18:50:00+00:00,5138.0,0.0,0.0
2024-11-16 19:00:00+00:00,5139.0,0.0,0.0
2024-11-16 19:10:00+00:00,5140.0,0.0,0.0
2024-11-16 19:20:00+00:00,5141.0,0.0,0.0
2024-11-16 19:30:00+00:00,5142.0,0.0,0.0
2024-11-16 19:40:00+00:00,5143.0,0.0,0.0
2024-11-16 19:50:00+00:00,5144.0,0.0,0.0
2024-11-16 20:00:00+00:00,,0.0,0.0
2024-11-16 20:10:00+00:00,5145.0,0.0,0.0
2024-11-16 20:20:00+00:00,5146.0,0.0,0.0
2024-11-16 20:30:00+00:00,5147.0,0.0,0.0
2024-11-16 20:40:00+00:00,5148.0,0.0,0.0
2024-11-16 20:50:00+00:00,5149.0,0.0,0.0
2024-11-16 21:00:00+00:00,5150.0,0.0,0.0
2024-11-16 21:10:00+00:00,,0.0,0.0
2024-11-16 21:20:00+00:00,5151.0,0.0,0.0
2024-11-16 21:30:00+00:00,5152.0,0.0,0.0
2024-11-16 21:40:00+00:00,5153.0,0.0,0.0
2024-11-16 21:50:00+00:00,5154.0,0.0,0.0
2024-11-16 22:00:00+00:00,5155.0,0.0,0.0
2024-11-16 22:10:00+00:00,5156.0,0.0,0.0
2024-11-16 22:20:00+00:00,5157.0,0.0,0.0
2024-11-16 22:30:00+00:00,5158.0,0.0,0.0
2024-11-16 22:40:00+00:00,,0.0,0.0
2024-11-16 22:50:00+00:00,5159.0,0.0,0.0
2024-11-16 23:00:00+00:00,5160.0,0.0,0.0
2024-11-16 23:10:00+00:00,5161.0,0.0,0.0
2024-11-16 23:20:00+00:00,5162.0,0.0,0.0
2024-11-16 23:30:00+00:00,5163.0,0.0,0.0
2024-11-16 23:40:00+00:00,5164.0,0.0,0.0
2024-11-16 23:50:00+00:00,,0.0,0.0
2024-11-17 00:00:00+00:00,5165.0,0.0,0.0
2024-11-17 00:10:00+00:00,5166.0,0.0,0.0
2024-11-17 00:20:00+00:00,,0.0,0.0
2024-11-17 00:30:00+00:00,5167.0,0.0,0.0
2024-11-17 00:40:00+00:00,5168.0,0.0,0.0
2024-11-17 00:50:00+00:00,5169.0,0.0,0.0
2024-11-17 01:00:00+00:00,5170.0,0.0,0.0
2024-11-17 01:10:00+00:00,5171.0,0.0,0.0
2024-11-17 01:20:00+00:00,5172.0,0.0,0.0
2024-11-17 01:30:00+00:00,5173.0,0.0,0.0
2024-11-17 01:40:00+00:00,5174.0,0.0,0.0
2024-11-17 01:50:00+00:00,,0.0,0.0
2024-11-17 02:00:00+00:00,,0.0,0.0
2024-11-17 02:10:00+00:00,5175.0,0.0,0.0
2024-11-17 02:20:00+00:00,5176.0,0.0,0.0
2024-11-17 02:30:00+00:00,,0.0,0.0
2024-11-17 02:40:00+00:00,5177.0,0.0,0.0
2024-11-17 02:50:00+00:00,5178.0,0.0,0.0
2024-11-17 03:00:00+00:00,5179.0,0.0,0.0
2024-11-17 03:10:00+00:00,,0.0,0.0
2024-11-17 03:20:00+00:00,5180.0,0.0,0.0
2024-11-17 03:30:00+00:00,,0.0,0.0
2024-11-17 03:40:00+00:00,,0.0,0.0
2024-11-17 03:50:00+00:00,,0.0,0.0
2024-11-17 04:00:00+00:00,,0.0,0.0
2024-11-17 04:10:00+00:00,5181.0,0.0,0.0
2024-11-17 04:20:00+00:00,5182.0,0.0,0.0
